run_id,strategy,trust_floor,seed,final_distance_to_goal,initial_distance_to_goal,task_completed,final_trust,total_detections,cum_payoff_binary_final,cum_payoff_proportional_final,mean_payoff_binary,mean_payoff_proportional
1,inflator,0.0,7501,25.00000000000001,40.0,False,0.0,95,-237.5,-179.26100000000022,-2.375,-1.7926100000000023
2,inflator,0.0,7502,25.00000000000001,40.0,False,0.0,95,-237.5,-179.26100000000022,-2.375,-1.7926100000000023
3,inflator,0.0,7503,25.00000000000001,40.0,False,0.0,95,-237.5,-179.26100000000022,-2.375,-1.7926100000000023
4,inflator,0.0,7504,25.00000000000001,40.0,False,0.0,95,-237.5,-179.26100000000022,-2.375,-1.7926100000000023
5,inflator,0.0,7505,25.00000000000001,40.0,False,0.0,95,-237.5,-179.26100000000022,-2.375,-1.7926100000000023
6,inflator,0.0,7506,25.00000000000001,40.0,False,0.0,95,-237.5,-179.26100000000022,-2.375,-1.7926100000000023
7,inflator,0.0,7507,25.00000000000001,40.0,False,0.0,95,-237.5,-179.26100000000022,-2.375,-1.7926100000000023
8,inflator,0.0,7508,25.00000000000001,40.0,False,0.0,95,-237.5,-179.26100000000022,-2.375,-1.7926100000000023
9,inflator,0.0,7509,25.00000000000001,40.0,False,0.0,95,-237.5,-179.26100000000022,-2.375,-1.7926100000000023
10,inflator,0.0,7510,25.00000000000001,40.0,False,0.0,95,-237.5,-179.26100000000022,-2.375,-1.7926100000000023
11,inflator,0.0,7511,25.00000000000001,40.0,False,0.0,95,-237.5,-179.26100000000022,-2.375,-1.7926100000000023
12,inflator,0.0,7512,25.00000000000001,40.0,False,0.0,95,-237.5,-179.26100000000022,-2.375,-1.7926100000000023
13,inflator,0.0,7513,25.00000000000001,40.0,False,0.0,95,-237.5,-179.26100000000022,-2.375,-1.7926100000000023
14,inflator,0.0,7514,25.00000000000001,40.0,False,0.0,95,-237.5,-179.26100000000022,-2.375,-1.7926100000000023
15,inflator,0.0,7515,25.00000000000001,40.0,False,0.0,95,-237.5,-179.26100000000022,-2.375,-1.7926100000000023
16,inflator,0.0,7516,25.00000000000001,40.0,False,0.0,95,-237.5,-179.26100000000022,-2.375,-1.7926100000000023
17,inflator,0.0,7517,25.00000000000001,40.0,False,0.0,95,-237.5,-179.26100000000022,-2.375,-1.7926100000000023
18,inflator,0.0,7518,25.00000000000001,40.0,False,0.0,95,-237.5,-179.26100000000022,-2.375,-1.7926100000000023
19,inflator,0.0,7519,25.00000000000001,40.0,False,0.0,95,-237.5,-179.26100000000022,-2.375,-1.7926100000000023
20,inflator,0.0,7520,25.00000000000001,40.0,False,0.0,95,-237.5,-179.26100000000022,-2.375,-1.7926100000000023
21,inflator,0.0,7521,25.00000000000001,40.0,False,0.0,95,-237.5,-179.26100000000022,-2.375,-1.7926100000000023
22,inflator,0.0,7522,25.00000000000001,40.0,False,0.0,95,-237.5,-179.26100000000022,-2.375,-1.7926100000000023
23,inflator,0.0,7523,25.00000000000001,40.0,False,0.0,95,-237.5,-179.26100000000022,-2.375,-1.7926100000000023
24,inflator,0.0,7524,25.00000000000001,40.0,False,0.0,95,-237.5,-179.26100000000022,-2.375,-1.7926100000000023
25,inflator,0.0,7525,25.00000000000001,40.0,False,0.0,95,-237.5,-179.26100000000022,-2.375,-1.7926100000000023
26,inflator,0.0,7526,25.00000000000001,40.0,False,0.0,95,-237.5,-179.26100000000022,-2.375,-1.7926100000000023
27,inflator,0.0,7527,25.00000000000001,40.0,False,0.0,95,-237.5,-179.26100000000022,-2.375,-1.7926100000000023
28,inflator,0.0,7528,25.00000000000001,40.0,False,0.0,95,-237.5,-179.26100000000022,-2.375,-1.7926100000000023
29,inflator,0.0,7529,25.00000000000001,40.0,False,0.0,95,-237.5,-179.26100000000022,-2.375,-1.7926100000000023
30,inflator,0.0,7530,25.00000000000001,40.0,False,0.0,95,-237.5,-179.26100000000022,-2.375,-1.7926100000000023
31,inflator,0.0,7531,25.00000000000001,40.0,False,0.0,95,-237.5,-179.26100000000022,-2.375,-1.7926100000000023
32,inflator,0.0,7532,25.00000000000001,40.0,False,0.0,95,-237.5,-179.26100000000022,-2.375,-1.7926100000000023
33,inflator,0.0,7533,25.00000000000001,40.0,False,0.0,95,-237.5,-179.26100000000022,-2.375,-1.7926100000000023
34,inflator,0.0,7534,25.00000000000001,40.0,False,0.0,95,-237.5,-179.26100000000022,-2.375,-1.7926100000000023
35,inflator,0.0,7535,25.00000000000001,40.0,False,0.0,95,-237.5,-179.26100000000022,-2.375,-1.7926100000000023
36,inflator,0.0,7536,25.00000000000001,40.0,False,0.0,95,-237.5,-179.26100000000022,-2.375,-1.7926100000000023
37,inflator,0.0,7537,25.00000000000001,40.0,False,0.0,95,-237.5,-179.26100000000022,-2.375,-1.7926100000000023
38,inflator,0.0,7538,25.00000000000001,40.0,False,0.0,95,-237.5,-179.26100000000022,-2.375,-1.7926100000000023
39,inflator,0.0,7539,25.00000000000001,40.0,False,0.0,95,-237.5,-179.26100000000022,-2.375,-1.7926100000000023
40,inflator,0.0,7540,25.00000000000001,40.0,False,0.0,95,-237.5,-179.26100000000022,-2.375,-1.7926100000000023
41,inflator,0.0,7541,25.00000000000001,40.0,False,0.0,95,-237.5,-179.26100000000022,-2.375,-1.7926100000000023
42,inflator,0.0,7542,25.00000000000001,40.0,False,0.0,95,-237.5,-179.26100000000022,-2.375,-1.7926100000000023
43,inflator,0.0,7543,25.00000000000001,40.0,False,0.0,95,-237.5,-179.26100000000022,-2.375,-1.7926100000000023
44,inflator,0.0,7544,25.00000000000001,40.0,False,0.0,95,-237.5,-179.26100000000022,-2.375,-1.7926100000000023
45,inflator,0.0,7545,25.00000000000001,40.0,False,0.0,95,-237.5,-179.26100000000022,-2.375,-1.7926100000000023
46,inflator,0.0,7546,25.00000000000001,40.0,False,0.0,95,-237.5,-179.26100000000022,-2.375,-1.7926100000000023
47,inflator,0.0,7547,25.00000000000001,40.0,False,0.0,95,-237.5,-179.26100000000022,-2.375,-1.7926100000000023
48,inflator,0.0,7548,25.00000000000001,40.0,False,0.0,95,-237.5,-179.26100000000022,-2.375,-1.7926100000000023
49,inflator,0.0,7549,25.00000000000001,40.0,False,0.0,95,-237.5,-179.26100000000022,-2.375,-1.7926100000000023
50,inflator,0.0,7550,25.00000000000001,40.0,False,0.0,95,-237.5,-179.26100000000022,-2.375,-1.7926100000000023
51,inflator,0.0,7551,25.00000000000001,40.0,False,0.0,95,-237.5,-179.26100000000022,-2.375,-1.7926100000000023
52,inflator,0.0,7552,25.00000000000001,40.0,False,0.0,95,-237.5,-179.26100000000022,-2.375,-1.7926100000000023
53,inflator,0.0,7553,25.00000000000001,40.0,False,0.0,95,-237.5,-179.26100000000022,-2.375,-1.7926100000000023
54,inflator,0.0,7554,25.00000000000001,40.0,False,0.0,95,-237.5,-179.26100000000022,-2.375,-1.7926100000000023
55,inflator,0.0,7555,25.00000000000001,40.0,False,0.0,95,-237.5,-179.26100000000022,-2.375,-1.7926100000000023
56,inflator,0.0,7556,25.00000000000001,40.0,False,0.0,95,-237.5,-179.26100000000022,-2.375,-1.7926100000000023
57,inflator,0.0,7557,25.00000000000001,40.0,False,0.0,95,-237.5,-179.26100000000022,-2.375,-1.7926100000000023
58,inflator,0.0,7558,25.00000000000001,40.0,False,0.0,95,-237.5,-179.26100000000022,-2.375,-1.7926100000000023
59,inflator,0.0,7559,25.00000000000001,40.0,False,0.0,95,-237.5,-179.26100000000022,-2.375,-1.7926100000000023
60,inflator,0.0,7560,25.00000000000001,40.0,False,0.0,95,-237.5,-179.26100000000022,-2.375,-1.7926100000000023
61,inflator,0.0,7561,25.00000000000001,40.0,False,0.0,95,-237.5,-179.26100000000022,-2.375,-1.7926100000000023
62,inflator,0.0,7562,25.00000000000001,40.0,False,0.0,95,-237.5,-179.26100000000022,-2.375,-1.7926100000000023
63,inflator,0.0,7563,25.00000000000001,40.0,False,0.0,95,-237.5,-179.26100000000022,-2.375,-1.7926100000000023
64,inflator,0.0,7564,25.00000000000001,40.0,False,0.0,95,-237.5,-179.26100000000022,-2.375,-1.7926100000000023
65,inflator,0.0,7565,25.00000000000001,40.0,False,0.0,95,-237.5,-179.26100000000022,-2.375,-1.7926100000000023
66,inflator,0.0,7566,25.00000000000001,40.0,False,0.0,95,-237.5,-179.26100000000022,-2.375,-1.7926100000000023
67,inflator,0.0,7567,25.00000000000001,40.0,False,0.0,95,-237.5,-179.26100000000022,-2.375,-1.7926100000000023
68,inflator,0.0,7568,25.00000000000001,40.0,False,0.0,95,-237.5,-179.26100000000022,-2.375,-1.7926100000000023
69,inflator,0.0,7569,25.00000000000001,40.0,False,0.0,95,-237.5,-179.26100000000022,-2.375,-1.7926100000000023
70,inflator,0.0,7570,25.00000000000001,40.0,False,0.0,95,-237.5,-179.26100000000022,-2.375,-1.7926100000000023
71,inflator,0.0,7571,25.00000000000001,40.0,False,0.0,95,-237.5,-179.26100000000022,-2.375,-1.7926100000000023
72,inflator,0.0,7572,25.00000000000001,40.0,False,0.0,95,-237.5,-179.26100000000022,-2.375,-1.7926100000000023
73,inflator,0.0,7573,25.00000000000001,40.0,False,0.0,95,-237.5,-179.26100000000022,-2.375,-1.7926100000000023
74,inflator,0.0,7574,25.00000000000001,40.0,False,0.0,95,-237.5,-179.26100000000022,-2.375,-1.7926100000000023
75,inflator,0.0,7575,25.00000000000001,40.0,False,0.0,95,-237.5,-179.26100000000022,-2.375,-1.7926100000000023
76,inflator,0.0,7576,25.00000000000001,40.0,False,0.0,95,-237.5,-179.26100000000022,-2.375,-1.7926100000000023
77,inflator,0.0,7577,25.00000000000001,40.0,False,0.0,95,-237.5,-179.26100000000022,-2.375,-1.7926100000000023
78,inflator,0.0,7578,25.00000000000001,40.0,False,0.0,95,-237.5,-179.26100000000022,-2.375,-1.7926100000000023
79,inflator,0.0,7579,25.00000000000001,40.0,False,0.0,95,-237.5,-179.26100000000022,-2.375,-1.7926100000000023
80,inflator,0.0,7580,25.00000000000001,40.0,False,0.0,95,-237.5,-179.26100000000022,-2.375,-1.7926100000000023
81,inflator,0.0,7581,25.00000000000001,40.0,False,0.0,95,-237.5,-179.26100000000022,-2.375,-1.7926100000000023
82,inflator,0.0,7582,25.00000000000001,40.0,False,0.0,95,-237.5,-179.26100000000022,-2.375,-1.7926100000000023
83,inflator,0.0,7583,25.00000000000001,40.0,False,0.0,95,-237.5,-179.26100000000022,-2.375,-1.7926100000000023
84,inflator,0.0,7584,25.00000000000001,40.0,False,0.0,95,-237.5,-179.26100000000022,-2.375,-1.7926100000000023
85,inflator,0.0,7585,25.00000000000001,40.0,False,0.0,95,-237.5,-179.26100000000022,-2.375,-1.7926100000000023
86,inflator,0.0,7586,25.00000000000001,40.0,False,0.0,95,-237.5,-179.26100000000022,-2.375,-1.7926100000000023
87,inflator,0.0,7587,25.00000000000001,40.0,False,0.0,95,-237.5,-179.26100000000022,-2.375,-1.7926100000000023
88,inflator,0.0,7588,25.00000000000001,40.0,False,0.0,95,-237.5,-179.26100000000022,-2.375,-1.7926100000000023
89,inflator,0.0,7589,25.00000000000001,40.0,False,0.0,95,-237.5,-179.26100000000022,-2.375,-1.7926100000000023
90,inflator,0.0,7590,25.00000000000001,40.0,False,0.0,95,-237.5,-179.26100000000022,-2.375,-1.7926100000000023
91,inflator,0.0,7591,25.00000000000001,40.0,False,0.0,95,-237.5,-179.26100000000022,-2.375,-1.7926100000000023
92,inflator,0.0,7592,25.00000000000001,40.0,False,0.0,95,-237.5,-179.26100000000022,-2.375,-1.7926100000000023
93,inflator,0.0,7593,25.00000000000001,40.0,False,0.0,95,-237.5,-179.26100000000022,-2.375,-1.7926100000000023
94,inflator,0.0,7594,25.00000000000001,40.0,False,0.0,95,-237.5,-179.26100000000022,-2.375,-1.7926100000000023
95,inflator,0.0,7595,25.00000000000001,40.0,False,0.0,95,-237.5,-179.26100000000022,-2.375,-1.7926100000000023
96,inflator,0.0,7596,25.00000000000001,40.0,False,0.0,95,-237.5,-179.26100000000022,-2.375,-1.7926100000000023
97,inflator,0.0,7597,25.00000000000001,40.0,False,0.0,95,-237.5,-179.26100000000022,-2.375,-1.7926100000000023
98,inflator,0.0,7598,25.00000000000001,40.0,False,0.0,95,-237.5,-179.26100000000022,-2.375,-1.7926100000000023
99,inflator,0.0,7599,25.00000000000001,40.0,False,0.0,95,-237.5,-179.26100000000022,-2.375,-1.7926100000000023
100,inflator,0.0,7600,25.00000000000001,40.0,False,0.0,95,-237.5,-179.26100000000022,-2.375,-1.7926100000000023
101,inflator,0.0,7601,25.00000000000001,40.0,False,0.0,95,-237.5,-179.26100000000022,-2.375,-1.7926100000000023
102,inflator,0.0,7602,25.00000000000001,40.0,False,0.0,95,-237.5,-179.26100000000022,-2.375,-1.7926100000000023
103,inflator,0.0,7603,25.00000000000001,40.0,False,0.0,95,-237.5,-179.26100000000022,-2.375,-1.7926100000000023
104,inflator,0.0,7604,25.00000000000001,40.0,False,0.0,95,-237.5,-179.26100000000022,-2.375,-1.7926100000000023
105,inflator,0.0,7605,25.00000000000001,40.0,False,0.0,95,-237.5,-179.26100000000022,-2.375,-1.7926100000000023
106,inflator,0.0,7606,25.00000000000001,40.0,False,0.0,95,-237.5,-179.26100000000022,-2.375,-1.7926100000000023
107,inflator,0.0,7607,25.00000000000001,40.0,False,0.0,95,-237.5,-179.26100000000022,-2.375,-1.7926100000000023
108,inflator,0.0,7608,25.00000000000001,40.0,False,0.0,95,-237.5,-179.26100000000022,-2.375,-1.7926100000000023
109,inflator,0.0,7609,25.00000000000001,40.0,False,0.0,95,-237.5,-179.26100000000022,-2.375,-1.7926100000000023
110,inflator,0.0,7610,25.00000000000001,40.0,False,0.0,95,-237.5,-179.26100000000022,-2.375,-1.7926100000000023
111,inflator,0.0,7611,25.00000000000001,40.0,False,0.0,95,-237.5,-179.26100000000022,-2.375,-1.7926100000000023
112,inflator,0.0,7612,25.00000000000001,40.0,False,0.0,95,-237.5,-179.26100000000022,-2.375,-1.7926100000000023
113,inflator,0.0,7613,25.00000000000001,40.0,False,0.0,95,-237.5,-179.26100000000022,-2.375,-1.7926100000000023
114,inflator,0.0,7614,25.00000000000001,40.0,False,0.0,95,-237.5,-179.26100000000022,-2.375,-1.7926100000000023
115,inflator,0.0,7615,25.00000000000001,40.0,False,0.0,95,-237.5,-179.26100000000022,-2.375,-1.7926100000000023
116,inflator,0.0,7616,25.00000000000001,40.0,False,0.0,95,-237.5,-179.26100000000022,-2.375,-1.7926100000000023
117,inflator,0.0,7617,25.00000000000001,40.0,False,0.0,95,-237.5,-179.26100000000022,-2.375,-1.7926100000000023
118,inflator,0.0,7618,25.00000000000001,40.0,False,0.0,95,-237.5,-179.26100000000022,-2.375,-1.7926100000000023
119,inflator,0.0,7619,25.00000000000001,40.0,False,0.0,95,-237.5,-179.26100000000022,-2.375,-1.7926100000000023
120,inflator,0.0,7620,25.00000000000001,40.0,False,0.0,95,-237.5,-179.26100000000022,-2.375,-1.7926100000000023
121,inflator,0.0,7621,25.00000000000001,40.0,False,0.0,95,-237.5,-179.26100000000022,-2.375,-1.7926100000000023
122,inflator,0.0,7622,25.00000000000001,40.0,False,0.0,95,-237.5,-179.26100000000022,-2.375,-1.7926100000000023
123,inflator,0.0,7623,25.00000000000001,40.0,False,0.0,95,-237.5,-179.26100000000022,-2.375,-1.7926100000000023
124,inflator,0.0,7624,25.00000000000001,40.0,False,0.0,95,-237.5,-179.26100000000022,-2.375,-1.7926100000000023
125,inflator,0.0,7625,25.00000000000001,40.0,False,0.0,95,-237.5,-179.26100000000022,-2.375,-1.7926100000000023
126,inflator,0.0,7626,25.00000000000001,40.0,False,0.0,95,-237.5,-179.26100000000022,-2.375,-1.7926100000000023
127,inflator,0.0,7627,25.00000000000001,40.0,False,0.0,95,-237.5,-179.26100000000022,-2.375,-1.7926100000000023
128,inflator,0.0,7628,25.00000000000001,40.0,False,0.0,95,-237.5,-179.26100000000022,-2.375,-1.7926100000000023
129,inflator,0.0,7629,25.00000000000001,40.0,False,0.0,95,-237.5,-179.26100000000022,-2.375,-1.7926100000000023
130,inflator,0.0,7630,25.00000000000001,40.0,False,0.0,95,-237.5,-179.26100000000022,-2.375,-1.7926100000000023
131,inflator,0.0,7631,25.00000000000001,40.0,False,0.0,95,-237.5,-179.26100000000022,-2.375,-1.7926100000000023
132,inflator,0.0,7632,25.00000000000001,40.0,False,0.0,95,-237.5,-179.26100000000022,-2.375,-1.7926100000000023
133,inflator,0.0,7633,25.00000000000001,40.0,False,0.0,95,-237.5,-179.26100000000022,-2.375,-1.7926100000000023
134,inflator,0.0,7634,25.00000000000001,40.0,False,0.0,95,-237.5,-179.26100000000022,-2.375,-1.7926100000000023
135,inflator,0.0,7635,25.00000000000001,40.0,False,0.0,95,-237.5,-179.26100000000022,-2.375,-1.7926100000000023
136,inflator,0.0,7636,25.00000000000001,40.0,False,0.0,95,-237.5,-179.26100000000022,-2.375,-1.7926100000000023
137,inflator,0.0,7637,25.00000000000001,40.0,False,0.0,95,-237.5,-179.26100000000022,-2.375,-1.7926100000000023
138,inflator,0.0,7638,25.00000000000001,40.0,False,0.0,95,-237.5,-179.26100000000022,-2.375,-1.7926100000000023
139,inflator,0.0,7639,25.00000000000001,40.0,False,0.0,95,-237.5,-179.26100000000022,-2.375,-1.7926100000000023
140,inflator,0.0,7640,25.00000000000001,40.0,False,0.0,95,-237.5,-179.26100000000022,-2.375,-1.7926100000000023
141,inflator,0.0,7641,25.00000000000001,40.0,False,0.0,95,-237.5,-179.26100000000022,-2.375,-1.7926100000000023
142,inflator,0.0,7642,25.00000000000001,40.0,False,0.0,95,-237.5,-179.26100000000022,-2.375,-1.7926100000000023
143,inflator,0.0,7643,25.00000000000001,40.0,False,0.0,95,-237.5,-179.26100000000022,-2.375,-1.7926100000000023
144,inflator,0.0,7644,25.00000000000001,40.0,False,0.0,95,-237.5,-179.26100000000022,-2.375,-1.7926100000000023
145,inflator,0.0,7645,25.00000000000001,40.0,False,0.0,95,-237.5,-179.26100000000022,-2.375,-1.7926100000000023
146,inflator,0.0,7646,25.00000000000001,40.0,False,0.0,95,-237.5,-179.26100000000022,-2.375,-1.7926100000000023
147,inflator,0.0,7647,25.00000000000001,40.0,False,0.0,95,-237.5,-179.26100000000022,-2.375,-1.7926100000000023
148,inflator,0.0,7648,25.00000000000001,40.0,False,0.0,95,-237.5,-179.26100000000022,-2.375,-1.7926100000000023
149,inflator,0.0,7649,25.00000000000001,40.0,False,0.0,95,-237.5,-179.26100000000022,-2.375,-1.7926100000000023
150,inflator,0.0,7650,25.00000000000001,40.0,False,0.0,95,-237.5,-179.26100000000022,-2.375,-1.7926100000000023
151,inflator,0.0,7651,25.00000000000001,40.0,False,0.0,95,-237.5,-179.26100000000022,-2.375,-1.7926100000000023
152,inflator,0.0,7652,25.00000000000001,40.0,False,0.0,95,-237.5,-179.26100000000022,-2.375,-1.7926100000000023
153,inflator,0.0,7653,25.00000000000001,40.0,False,0.0,95,-237.5,-179.26100000000022,-2.375,-1.7926100000000023
154,inflator,0.0,7654,25.00000000000001,40.0,False,0.0,95,-237.5,-179.26100000000022,-2.375,-1.7926100000000023
155,inflator,0.0,7655,25.00000000000001,40.0,False,0.0,95,-237.5,-179.26100000000022,-2.375,-1.7926100000000023
156,inflator,0.0,7656,25.00000000000001,40.0,False,0.0,95,-237.5,-179.26100000000022,-2.375,-1.7926100000000023
157,inflator,0.0,7657,25.00000000000001,40.0,False,0.0,95,-237.5,-179.26100000000022,-2.375,-1.7926100000000023
158,inflator,0.0,7658,25.00000000000001,40.0,False,0.0,95,-237.5,-179.26100000000022,-2.375,-1.7926100000000023
159,inflator,0.0,7659,25.00000000000001,40.0,False,0.0,95,-237.5,-179.26100000000022,-2.375,-1.7926100000000023
160,inflator,0.0,7660,25.00000000000001,40.0,False,0.0,95,-237.5,-179.26100000000022,-2.375,-1.7926100000000023
161,inflator,0.0,7661,25.00000000000001,40.0,False,0.0,95,-237.5,-179.26100000000022,-2.375,-1.7926100000000023
162,inflator,0.0,7662,25.00000000000001,40.0,False,0.0,95,-237.5,-179.26100000000022,-2.375,-1.7926100000000023
163,inflator,0.0,7663,25.00000000000001,40.0,False,0.0,95,-237.5,-179.26100000000022,-2.375,-1.7926100000000023
164,inflator,0.0,7664,25.00000000000001,40.0,False,0.0,95,-237.5,-179.26100000000022,-2.375,-1.7926100000000023
165,inflator,0.0,7665,25.00000000000001,40.0,False,0.0,95,-237.5,-179.26100000000022,-2.375,-1.7926100000000023
166,inflator,0.0,7666,25.00000000000001,40.0,False,0.0,95,-237.5,-179.26100000000022,-2.375,-1.7926100000000023
167,inflator,0.0,7667,25.00000000000001,40.0,False,0.0,95,-237.5,-179.26100000000022,-2.375,-1.7926100000000023
168,inflator,0.0,7668,25.00000000000001,40.0,False,0.0,95,-237.5,-179.26100000000022,-2.375,-1.7926100000000023
169,inflator,0.0,7669,25.00000000000001,40.0,False,0.0,95,-237.5,-179.26100000000022,-2.375,-1.7926100000000023
170,inflator,0.0,7670,25.00000000000001,40.0,False,0.0,95,-237.5,-179.26100000000022,-2.375,-1.7926100000000023
171,inflator,0.0,7671,25.00000000000001,40.0,False,0.0,95,-237.5,-179.26100000000022,-2.375,-1.7926100000000023
172,inflator,0.0,7672,25.00000000000001,40.0,False,0.0,95,-237.5,-179.26100000000022,-2.375,-1.7926100000000023
173,inflator,0.0,7673,25.00000000000001,40.0,False,0.0,95,-237.5,-179.26100000000022,-2.375,-1.7926100000000023
174,inflator,0.0,7674,25.00000000000001,40.0,False,0.0,95,-237.5,-179.26100000000022,-2.375,-1.7926100000000023
175,inflator,0.0,7675,25.00000000000001,40.0,False,0.0,95,-237.5,-179.26100000000022,-2.375,-1.7926100000000023
176,inflator,0.0,7676,25.00000000000001,40.0,False,0.0,95,-237.5,-179.26100000000022,-2.375,-1.7926100000000023
177,inflator,0.0,7677,25.00000000000001,40.0,False,0.0,95,-237.5,-179.26100000000022,-2.375,-1.7926100000000023
178,inflator,0.0,7678,25.00000000000001,40.0,False,0.0,95,-237.5,-179.26100000000022,-2.375,-1.7926100000000023
179,inflator,0.0,7679,25.00000000000001,40.0,False,0.0,95,-237.5,-179.26100000000022,-2.375,-1.7926100000000023
180,inflator,0.0,7680,25.00000000000001,40.0,False,0.0,95,-237.5,-179.26100000000022,-2.375,-1.7926100000000023
181,inflator,0.0,7681,25.00000000000001,40.0,False,0.0,95,-237.5,-179.26100000000022,-2.375,-1.7926100000000023
182,inflator,0.0,7682,25.00000000000001,40.0,False,0.0,95,-237.5,-179.26100000000022,-2.375,-1.7926100000000023
183,inflator,0.0,7683,25.00000000000001,40.0,False,0.0,95,-237.5,-179.26100000000022,-2.375,-1.7926100000000023
184,inflator,0.0,7684,25.00000000000001,40.0,False,0.0,95,-237.5,-179.26100000000022,-2.375,-1.7926100000000023
185,inflator,0.0,7685,25.00000000000001,40.0,False,0.0,95,-237.5,-179.26100000000022,-2.375,-1.7926100000000023
186,inflator,0.0,7686,25.00000000000001,40.0,False,0.0,95,-237.5,-179.26100000000022,-2.375,-1.7926100000000023
187,inflator,0.0,7687,25.00000000000001,40.0,False,0.0,95,-237.5,-179.26100000000022,-2.375,-1.7926100000000023
188,inflator,0.0,7688,25.00000000000001,40.0,False,0.0,95,-237.5,-179.26100000000022,-2.375,-1.7926100000000023
189,inflator,0.0,7689,25.00000000000001,40.0,False,0.0,95,-237.5,-179.26100000000022,-2.375,-1.7926100000000023
190,inflator,0.0,7690,25.00000000000001,40.0,False,0.0,95,-237.5,-179.26100000000022,-2.375,-1.7926100000000023
191,inflator,0.0,7691,25.00000000000001,40.0,False,0.0,95,-237.5,-179.26100000000022,-2.375,-1.7926100000000023
192,inflator,0.0,7692,25.00000000000001,40.0,False,0.0,95,-237.5,-179.26100000000022,-2.375,-1.7926100000000023
193,inflator,0.0,7693,25.00000000000001,40.0,False,0.0,95,-237.5,-179.26100000000022,-2.375,-1.7926100000000023
194,inflator,0.0,7694,25.00000000000001,40.0,False,0.0,95,-237.5,-179.26100000000022,-2.375,-1.7926100000000023
195,inflator,0.0,7695,25.00000000000001,40.0,False,0.0,95,-237.5,-179.26100000000022,-2.375,-1.7926100000000023
196,inflator,0.0,7696,25.00000000000001,40.0,False,0.0,95,-237.5,-179.26100000000022,-2.375,-1.7926100000000023
197,inflator,0.0,7697,25.00000000000001,40.0,False,0.0,95,-237.5,-179.26100000000022,-2.375,-1.7926100000000023
198,inflator,0.0,7698,25.00000000000001,40.0,False,0.0,95,-237.5,-179.26100000000022,-2.375,-1.7926100000000023
199,inflator,0.0,7699,25.00000000000001,40.0,False,0.0,95,-237.5,-179.26100000000022,-2.375,-1.7926100000000023
200,inflator,0.0,7700,25.00000000000001,40.0,False,0.0,95,-237.5,-179.26100000000022,-2.375,-1.7926100000000023
201,underreporter,0.0,7701,21.94000000000004,40.0,False,0.0,33,-115.5,-240.50850000000017,-1.155,-2.4050850000000015
202,underreporter,0.0,7702,21.94000000000004,40.0,False,0.0,33,-115.5,-240.50850000000017,-1.155,-2.4050850000000015
203,underreporter,0.0,7703,21.94000000000004,40.0,False,0.0,33,-115.5,-240.50850000000017,-1.155,-2.4050850000000015
204,underreporter,0.0,7704,21.94000000000004,40.0,False,0.0,33,-115.5,-240.50850000000017,-1.155,-2.4050850000000015
205,underreporter,0.0,7705,21.94000000000004,40.0,False,0.0,33,-115.5,-240.50850000000017,-1.155,-2.4050850000000015
206,underreporter,0.0,7706,21.94000000000004,40.0,False,0.0,33,-115.5,-240.50850000000017,-1.155,-2.4050850000000015
207,underreporter,0.0,7707,21.94000000000004,40.0,False,0.0,33,-115.5,-240.50850000000017,-1.155,-2.4050850000000015
208,underreporter,0.0,7708,21.94000000000004,40.0,False,0.0,33,-115.5,-240.50850000000017,-1.155,-2.4050850000000015
209,underreporter,0.0,7709,21.94000000000004,40.0,False,0.0,33,-115.5,-240.50850000000017,-1.155,-2.4050850000000015
210,underreporter,0.0,7710,21.94000000000004,40.0,False,0.0,33,-115.5,-240.50850000000017,-1.155,-2.4050850000000015
211,underreporter,0.0,7711,21.94000000000004,40.0,False,0.0,33,-115.5,-240.50850000000017,-1.155,-2.4050850000000015
212,underreporter,0.0,7712,21.94000000000004,40.0,False,0.0,33,-115.5,-240.50850000000017,-1.155,-2.4050850000000015
213,underreporter,0.0,7713,21.94000000000004,40.0,False,0.0,33,-115.5,-240.50850000000017,-1.155,-2.4050850000000015
214,underreporter,0.0,7714,21.94000000000004,40.0,False,0.0,33,-115.5,-240.50850000000017,-1.155,-2.4050850000000015
215,underreporter,0.0,7715,21.94000000000004,40.0,False,0.0,33,-115.5,-240.50850000000017,-1.155,-2.4050850000000015
216,underreporter,0.0,7716,21.94000000000004,40.0,False,0.0,33,-115.5,-240.50850000000017,-1.155,-2.4050850000000015
217,underreporter,0.0,7717,21.94000000000004,40.0,False,0.0,33,-115.5,-240.50850000000017,-1.155,-2.4050850000000015
218,underreporter,0.0,7718,21.94000000000004,40.0,False,0.0,33,-115.5,-240.50850000000017,-1.155,-2.4050850000000015
219,underreporter,0.0,7719,21.94000000000004,40.0,False,0.0,33,-115.5,-240.50850000000017,-1.155,-2.4050850000000015
220,underreporter,0.0,7720,21.94000000000004,40.0,False,0.0,33,-115.5,-240.50850000000017,-1.155,-2.4050850000000015
221,underreporter,0.0,7721,21.94000000000004,40.0,False,0.0,33,-115.5,-240.50850000000017,-1.155,-2.4050850000000015
222,underreporter,0.0,7722,21.94000000000004,40.0,False,0.0,33,-115.5,-240.50850000000017,-1.155,-2.4050850000000015
223,underreporter,0.0,7723,21.94000000000004,40.0,False,0.0,33,-115.5,-240.50850000000017,-1.155,-2.4050850000000015
224,underreporter,0.0,7724,21.94000000000004,40.0,False,0.0,33,-115.5,-240.50850000000017,-1.155,-2.4050850000000015
225,underreporter,0.0,7725,21.94000000000004,40.0,False,0.0,33,-115.5,-240.50850000000017,-1.155,-2.4050850000000015
226,underreporter,0.0,7726,21.94000000000004,40.0,False,0.0,33,-115.5,-240.50850000000017,-1.155,-2.4050850000000015
227,underreporter,0.0,7727,21.94000000000004,40.0,False,0.0,33,-115.5,-240.50850000000017,-1.155,-2.4050850000000015
228,underreporter,0.0,7728,21.94000000000004,40.0,False,0.0,33,-115.5,-240.50850000000017,-1.155,-2.4050850000000015
229,underreporter,0.0,7729,21.94000000000004,40.0,False,0.0,33,-115.5,-240.50850000000017,-1.155,-2.4050850000000015
230,underreporter,0.0,7730,21.94000000000004,40.0,False,0.0,33,-115.5,-240.50850000000017,-1.155,-2.4050850000000015
231,underreporter,0.0,7731,21.94000000000004,40.0,False,0.0,33,-115.5,-240.50850000000017,-1.155,-2.4050850000000015
232,underreporter,0.0,7732,21.94000000000004,40.0,False,0.0,33,-115.5,-240.50850000000017,-1.155,-2.4050850000000015
233,underreporter,0.0,7733,21.94000000000004,40.0,False,0.0,33,-115.5,-240.50850000000017,-1.155,-2.4050850000000015
234,underreporter,0.0,7734,21.94000000000004,40.0,False,0.0,33,-115.5,-240.50850000000017,-1.155,-2.4050850000000015
235,underreporter,0.0,7735,21.94000000000004,40.0,False,0.0,33,-115.5,-240.50850000000017,-1.155,-2.4050850000000015
236,underreporter,0.0,7736,21.94000000000004,40.0,False,0.0,33,-115.5,-240.50850000000017,-1.155,-2.4050850000000015
237,underreporter,0.0,7737,21.94000000000004,40.0,False,0.0,33,-115.5,-240.50850000000017,-1.155,-2.4050850000000015
238,underreporter,0.0,7738,21.94000000000004,40.0,False,0.0,33,-115.5,-240.50850000000017,-1.155,-2.4050850000000015
239,underreporter,0.0,7739,21.94000000000004,40.0,False,0.0,33,-115.5,-240.50850000000017,-1.155,-2.4050850000000015
240,underreporter,0.0,7740,21.94000000000004,40.0,False,0.0,33,-115.5,-240.50850000000017,-1.155,-2.4050850000000015
241,underreporter,0.0,7741,21.94000000000004,40.0,False,0.0,33,-115.5,-240.50850000000017,-1.155,-2.4050850000000015
242,underreporter,0.0,7742,21.94000000000004,40.0,False,0.0,33,-115.5,-240.50850000000017,-1.155,-2.4050850000000015
243,underreporter,0.0,7743,21.94000000000004,40.0,False,0.0,33,-115.5,-240.50850000000017,-1.155,-2.4050850000000015
244,underreporter,0.0,7744,21.94000000000004,40.0,False,0.0,33,-115.5,-240.50850000000017,-1.155,-2.4050850000000015
245,underreporter,0.0,7745,21.94000000000004,40.0,False,0.0,33,-115.5,-240.50850000000017,-1.155,-2.4050850000000015
246,underreporter,0.0,7746,21.94000000000004,40.0,False,0.0,33,-115.5,-240.50850000000017,-1.155,-2.4050850000000015
247,underreporter,0.0,7747,21.94000000000004,40.0,False,0.0,33,-115.5,-240.50850000000017,-1.155,-2.4050850000000015
248,underreporter,0.0,7748,21.94000000000004,40.0,False,0.0,33,-115.5,-240.50850000000017,-1.155,-2.4050850000000015
249,underreporter,0.0,7749,21.94000000000004,40.0,False,0.0,33,-115.5,-240.50850000000017,-1.155,-2.4050850000000015
250,underreporter,0.0,7750,21.94000000000004,40.0,False,0.0,33,-115.5,-240.50850000000017,-1.155,-2.4050850000000015
251,underreporter,0.0,7751,21.94000000000004,40.0,False,0.0,33,-115.5,-240.50850000000017,-1.155,-2.4050850000000015
252,underreporter,0.0,7752,21.94000000000004,40.0,False,0.0,33,-115.5,-240.50850000000017,-1.155,-2.4050850000000015
253,underreporter,0.0,7753,21.94000000000004,40.0,False,0.0,33,-115.5,-240.50850000000017,-1.155,-2.4050850000000015
254,underreporter,0.0,7754,21.94000000000004,40.0,False,0.0,33,-115.5,-240.50850000000017,-1.155,-2.4050850000000015
255,underreporter,0.0,7755,21.94000000000004,40.0,False,0.0,33,-115.5,-240.50850000000017,-1.155,-2.4050850000000015
256,underreporter,0.0,7756,21.94000000000004,40.0,False,0.0,33,-115.5,-240.50850000000017,-1.155,-2.4050850000000015
257,underreporter,0.0,7757,21.94000000000004,40.0,False,0.0,33,-115.5,-240.50850000000017,-1.155,-2.4050850000000015
258,underreporter,0.0,7758,21.94000000000004,40.0,False,0.0,33,-115.5,-240.50850000000017,-1.155,-2.4050850000000015
259,underreporter,0.0,7759,21.94000000000004,40.0,False,0.0,33,-115.5,-240.50850000000017,-1.155,-2.4050850000000015
260,underreporter,0.0,7760,21.94000000000004,40.0,False,0.0,33,-115.5,-240.50850000000017,-1.155,-2.4050850000000015
261,underreporter,0.0,7761,21.94000000000004,40.0,False,0.0,33,-115.5,-240.50850000000017,-1.155,-2.4050850000000015
262,underreporter,0.0,7762,21.94000000000004,40.0,False,0.0,33,-115.5,-240.50850000000017,-1.155,-2.4050850000000015
263,underreporter,0.0,7763,21.94000000000004,40.0,False,0.0,33,-115.5,-240.50850000000017,-1.155,-2.4050850000000015
264,underreporter,0.0,7764,21.94000000000004,40.0,False,0.0,33,-115.5,-240.50850000000017,-1.155,-2.4050850000000015
265,underreporter,0.0,7765,21.94000000000004,40.0,False,0.0,33,-115.5,-240.50850000000017,-1.155,-2.4050850000000015
266,underreporter,0.0,7766,21.94000000000004,40.0,False,0.0,33,-115.5,-240.50850000000017,-1.155,-2.4050850000000015
267,underreporter,0.0,7767,21.94000000000004,40.0,False,0.0,33,-115.5,-240.50850000000017,-1.155,-2.4050850000000015
268,underreporter,0.0,7768,21.94000000000004,40.0,False,0.0,33,-115.5,-240.50850000000017,-1.155,-2.4050850000000015
269,underreporter,0.0,7769,21.94000000000004,40.0,False,0.0,33,-115.5,-240.50850000000017,-1.155,-2.4050850000000015
270,underreporter,0.0,7770,21.94000000000004,40.0,False,0.0,33,-115.5,-240.50850000000017,-1.155,-2.4050850000000015
271,underreporter,0.0,7771,21.94000000000004,40.0,False,0.0,33,-115.5,-240.50850000000017,-1.155,-2.4050850000000015
272,underreporter,0.0,7772,21.94000000000004,40.0,False,0.0,33,-115.5,-240.50850000000017,-1.155,-2.4050850000000015
273,underreporter,0.0,7773,21.94000000000004,40.0,False,0.0,33,-115.5,-240.50850000000017,-1.155,-2.4050850000000015
274,underreporter,0.0,7774,21.94000000000004,40.0,False,0.0,33,-115.5,-240.50850000000017,-1.155,-2.4050850000000015
275,underreporter,0.0,7775,21.94000000000004,40.0,False,0.0,33,-115.5,-240.50850000000017,-1.155,-2.4050850000000015
276,underreporter,0.0,7776,21.94000000000004,40.0,False,0.0,33,-115.5,-240.50850000000017,-1.155,-2.4050850000000015
277,underreporter,0.0,7777,21.94000000000004,40.0,False,0.0,33,-115.5,-240.50850000000017,-1.155,-2.4050850000000015
278,underreporter,0.0,7778,21.94000000000004,40.0,False,0.0,33,-115.5,-240.50850000000017,-1.155,-2.4050850000000015
279,underreporter,0.0,7779,21.94000000000004,40.0,False,0.0,33,-115.5,-240.50850000000017,-1.155,-2.4050850000000015
280,underreporter,0.0,7780,21.94000000000004,40.0,False,0.0,33,-115.5,-240.50850000000017,-1.155,-2.4050850000000015
281,underreporter,0.0,7781,21.94000000000004,40.0,False,0.0,33,-115.5,-240.50850000000017,-1.155,-2.4050850000000015
282,underreporter,0.0,7782,21.94000000000004,40.0,False,0.0,33,-115.5,-240.50850000000017,-1.155,-2.4050850000000015
283,underreporter,0.0,7783,21.94000000000004,40.0,False,0.0,33,-115.5,-240.50850000000017,-1.155,-2.4050850000000015
284,underreporter,0.0,7784,21.94000000000004,40.0,False,0.0,33,-115.5,-240.50850000000017,-1.155,-2.4050850000000015
285,underreporter,0.0,7785,21.94000000000004,40.0,False,0.0,33,-115.5,-240.50850000000017,-1.155,-2.4050850000000015
286,underreporter,0.0,7786,21.94000000000004,40.0,False,0.0,33,-115.5,-240.50850000000017,-1.155,-2.4050850000000015
287,underreporter,0.0,7787,21.94000000000004,40.0,False,0.0,33,-115.5,-240.50850000000017,-1.155,-2.4050850000000015
288,underreporter,0.0,7788,21.94000000000004,40.0,False,0.0,33,-115.5,-240.50850000000017,-1.155,-2.4050850000000015
289,underreporter,0.0,7789,21.94000000000004,40.0,False,0.0,33,-115.5,-240.50850000000017,-1.155,-2.4050850000000015
290,underreporter,0.0,7790,21.94000000000004,40.0,False,0.0,33,-115.5,-240.50850000000017,-1.155,-2.4050850000000015
291,underreporter,0.0,7791,21.94000000000004,40.0,False,0.0,33,-115.5,-240.50850000000017,-1.155,-2.4050850000000015
292,underreporter,0.0,7792,21.94000000000004,40.0,False,0.0,33,-115.5,-240.50850000000017,-1.155,-2.4050850000000015
293,underreporter,0.0,7793,21.94000000000004,40.0,False,0.0,33,-115.5,-240.50850000000017,-1.155,-2.4050850000000015
294,underreporter,0.0,7794,21.94000000000004,40.0,False,0.0,33,-115.5,-240.50850000000017,-1.155,-2.4050850000000015
295,underreporter,0.0,7795,21.94000000000004,40.0,False,0.0,33,-115.5,-240.50850000000017,-1.155,-2.4050850000000015
296,underreporter,0.0,7796,21.94000000000004,40.0,False,0.0,33,-115.5,-240.50850000000017,-1.155,-2.4050850000000015
297,underreporter,0.0,7797,21.94000000000004,40.0,False,0.0,33,-115.5,-240.50850000000017,-1.155,-2.4050850000000015
298,underreporter,0.0,7798,21.94000000000004,40.0,False,0.0,33,-115.5,-240.50850000000017,-1.155,-2.4050850000000015
299,underreporter,0.0,7799,21.94000000000004,40.0,False,0.0,33,-115.5,-240.50850000000017,-1.155,-2.4050850000000015
300,underreporter,0.0,7800,21.94000000000004,40.0,False,0.0,33,-115.5,-240.50850000000017,-1.155,-2.4050850000000015
301,underreporter,0.0,7801,21.94000000000004,40.0,False,0.0,33,-115.5,-240.50850000000017,-1.155,-2.4050850000000015
302,underreporter,0.0,7802,21.94000000000004,40.0,False,0.0,33,-115.5,-240.50850000000017,-1.155,-2.4050850000000015
303,underreporter,0.0,7803,21.94000000000004,40.0,False,0.0,33,-115.5,-240.50850000000017,-1.155,-2.4050850000000015
304,underreporter,0.0,7804,21.94000000000004,40.0,False,0.0,33,-115.5,-240.50850000000017,-1.155,-2.4050850000000015
305,underreporter,0.0,7805,21.94000000000004,40.0,False,0.0,33,-115.5,-240.50850000000017,-1.155,-2.4050850000000015
306,underreporter,0.0,7806,21.94000000000004,40.0,False,0.0,33,-115.5,-240.50850000000017,-1.155,-2.4050850000000015
307,underreporter,0.0,7807,21.94000000000004,40.0,False,0.0,33,-115.5,-240.50850000000017,-1.155,-2.4050850000000015
308,underreporter,0.0,7808,21.94000000000004,40.0,False,0.0,33,-115.5,-240.50850000000017,-1.155,-2.4050850000000015
309,underreporter,0.0,7809,21.94000000000004,40.0,False,0.0,33,-115.5,-240.50850000000017,-1.155,-2.4050850000000015
310,underreporter,0.0,7810,21.94000000000004,40.0,False,0.0,33,-115.5,-240.50850000000017,-1.155,-2.4050850000000015
311,underreporter,0.0,7811,21.94000000000004,40.0,False,0.0,33,-115.5,-240.50850000000017,-1.155,-2.4050850000000015
312,underreporter,0.0,7812,21.94000000000004,40.0,False,0.0,33,-115.5,-240.50850000000017,-1.155,-2.4050850000000015
313,underreporter,0.0,7813,21.94000000000004,40.0,False,0.0,33,-115.5,-240.50850000000017,-1.155,-2.4050850000000015
314,underreporter,0.0,7814,21.94000000000004,40.0,False,0.0,33,-115.5,-240.50850000000017,-1.155,-2.4050850000000015
315,underreporter,0.0,7815,21.94000000000004,40.0,False,0.0,33,-115.5,-240.50850000000017,-1.155,-2.4050850000000015
316,underreporter,0.0,7816,21.94000000000004,40.0,False,0.0,33,-115.5,-240.50850000000017,-1.155,-2.4050850000000015
317,underreporter,0.0,7817,21.94000000000004,40.0,False,0.0,33,-115.5,-240.50850000000017,-1.155,-2.4050850000000015
318,underreporter,0.0,7818,21.94000000000004,40.0,False,0.0,33,-115.5,-240.50850000000017,-1.155,-2.4050850000000015
319,underreporter,0.0,7819,21.94000000000004,40.0,False,0.0,33,-115.5,-240.50850000000017,-1.155,-2.4050850000000015
320,underreporter,0.0,7820,21.94000000000004,40.0,False,0.0,33,-115.5,-240.50850000000017,-1.155,-2.4050850000000015
321,underreporter,0.0,7821,21.94000000000004,40.0,False,0.0,33,-115.5,-240.50850000000017,-1.155,-2.4050850000000015
322,underreporter,0.0,7822,21.94000000000004,40.0,False,0.0,33,-115.5,-240.50850000000017,-1.155,-2.4050850000000015
323,underreporter,0.0,7823,21.94000000000004,40.0,False,0.0,33,-115.5,-240.50850000000017,-1.155,-2.4050850000000015
324,underreporter,0.0,7824,21.94000000000004,40.0,False,0.0,33,-115.5,-240.50850000000017,-1.155,-2.4050850000000015
325,underreporter,0.0,7825,21.94000000000004,40.0,False,0.0,33,-115.5,-240.50850000000017,-1.155,-2.4050850000000015
326,underreporter,0.0,7826,21.94000000000004,40.0,False,0.0,33,-115.5,-240.50850000000017,-1.155,-2.4050850000000015
327,underreporter,0.0,7827,21.94000000000004,40.0,False,0.0,33,-115.5,-240.50850000000017,-1.155,-2.4050850000000015
328,underreporter,0.0,7828,21.94000000000004,40.0,False,0.0,33,-115.5,-240.50850000000017,-1.155,-2.4050850000000015
329,underreporter,0.0,7829,21.94000000000004,40.0,False,0.0,33,-115.5,-240.50850000000017,-1.155,-2.4050850000000015
330,underreporter,0.0,7830,21.94000000000004,40.0,False,0.0,33,-115.5,-240.50850000000017,-1.155,-2.4050850000000015
331,underreporter,0.0,7831,21.94000000000004,40.0,False,0.0,33,-115.5,-240.50850000000017,-1.155,-2.4050850000000015
332,underreporter,0.0,7832,21.94000000000004,40.0,False,0.0,33,-115.5,-240.50850000000017,-1.155,-2.4050850000000015
333,underreporter,0.0,7833,21.94000000000004,40.0,False,0.0,33,-115.5,-240.50850000000017,-1.155,-2.4050850000000015
334,underreporter,0.0,7834,21.94000000000004,40.0,False,0.0,33,-115.5,-240.50850000000017,-1.155,-2.4050850000000015
335,underreporter,0.0,7835,21.94000000000004,40.0,False,0.0,33,-115.5,-240.50850000000017,-1.155,-2.4050850000000015
336,underreporter,0.0,7836,21.94000000000004,40.0,False,0.0,33,-115.5,-240.50850000000017,-1.155,-2.4050850000000015
337,underreporter,0.0,7837,21.94000000000004,40.0,False,0.0,33,-115.5,-240.50850000000017,-1.155,-2.4050850000000015
338,underreporter,0.0,7838,21.94000000000004,40.0,False,0.0,33,-115.5,-240.50850000000017,-1.155,-2.4050850000000015
339,underreporter,0.0,7839,21.94000000000004,40.0,False,0.0,33,-115.5,-240.50850000000017,-1.155,-2.4050850000000015
340,underreporter,0.0,7840,21.94000000000004,40.0,False,0.0,33,-115.5,-240.50850000000017,-1.155,-2.4050850000000015
341,underreporter,0.0,7841,21.94000000000004,40.0,False,0.0,33,-115.5,-240.50850000000017,-1.155,-2.4050850000000015
342,underreporter,0.0,7842,21.94000000000004,40.0,False,0.0,33,-115.5,-240.50850000000017,-1.155,-2.4050850000000015
343,underreporter,0.0,7843,21.94000000000004,40.0,False,0.0,33,-115.5,-240.50850000000017,-1.155,-2.4050850000000015
344,underreporter,0.0,7844,21.94000000000004,40.0,False,0.0,33,-115.5,-240.50850000000017,-1.155,-2.4050850000000015
345,underreporter,0.0,7845,21.94000000000004,40.0,False,0.0,33,-115.5,-240.50850000000017,-1.155,-2.4050850000000015
346,underreporter,0.0,7846,21.94000000000004,40.0,False,0.0,33,-115.5,-240.50850000000017,-1.155,-2.4050850000000015
347,underreporter,0.0,7847,21.94000000000004,40.0,False,0.0,33,-115.5,-240.50850000000017,-1.155,-2.4050850000000015
348,underreporter,0.0,7848,21.94000000000004,40.0,False,0.0,33,-115.5,-240.50850000000017,-1.155,-2.4050850000000015
349,underreporter,0.0,7849,21.94000000000004,40.0,False,0.0,33,-115.5,-240.50850000000017,-1.155,-2.4050850000000015
350,underreporter,0.0,7850,21.94000000000004,40.0,False,0.0,33,-115.5,-240.50850000000017,-1.155,-2.4050850000000015
351,underreporter,0.0,7851,21.94000000000004,40.0,False,0.0,33,-115.5,-240.50850000000017,-1.155,-2.4050850000000015
352,underreporter,0.0,7852,21.94000000000004,40.0,False,0.0,33,-115.5,-240.50850000000017,-1.155,-2.4050850000000015
353,underreporter,0.0,7853,21.94000000000004,40.0,False,0.0,33,-115.5,-240.50850000000017,-1.155,-2.4050850000000015
354,underreporter,0.0,7854,21.94000000000004,40.0,False,0.0,33,-115.5,-240.50850000000017,-1.155,-2.4050850000000015
355,underreporter,0.0,7855,21.94000000000004,40.0,False,0.0,33,-115.5,-240.50850000000017,-1.155,-2.4050850000000015
356,underreporter,0.0,7856,21.94000000000004,40.0,False,0.0,33,-115.5,-240.50850000000017,-1.155,-2.4050850000000015
357,underreporter,0.0,7857,21.94000000000004,40.0,False,0.0,33,-115.5,-240.50850000000017,-1.155,-2.4050850000000015
358,underreporter,0.0,7858,21.94000000000004,40.0,False,0.0,33,-115.5,-240.50850000000017,-1.155,-2.4050850000000015
359,underreporter,0.0,7859,21.94000000000004,40.0,False,0.0,33,-115.5,-240.50850000000017,-1.155,-2.4050850000000015
360,underreporter,0.0,7860,21.94000000000004,40.0,False,0.0,33,-115.5,-240.50850000000017,-1.155,-2.4050850000000015
361,underreporter,0.0,7861,21.94000000000004,40.0,False,0.0,33,-115.5,-240.50850000000017,-1.155,-2.4050850000000015
362,underreporter,0.0,7862,21.94000000000004,40.0,False,0.0,33,-115.5,-240.50850000000017,-1.155,-2.4050850000000015
363,underreporter,0.0,7863,21.94000000000004,40.0,False,0.0,33,-115.5,-240.50850000000017,-1.155,-2.4050850000000015
364,underreporter,0.0,7864,21.94000000000004,40.0,False,0.0,33,-115.5,-240.50850000000017,-1.155,-2.4050850000000015
365,underreporter,0.0,7865,21.94000000000004,40.0,False,0.0,33,-115.5,-240.50850000000017,-1.155,-2.4050850000000015
366,underreporter,0.0,7866,21.94000000000004,40.0,False,0.0,33,-115.5,-240.50850000000017,-1.155,-2.4050850000000015
367,underreporter,0.0,7867,21.94000000000004,40.0,False,0.0,33,-115.5,-240.50850000000017,-1.155,-2.4050850000000015
368,underreporter,0.0,7868,21.94000000000004,40.0,False,0.0,33,-115.5,-240.50850000000017,-1.155,-2.4050850000000015
369,underreporter,0.0,7869,21.94000000000004,40.0,False,0.0,33,-115.5,-240.50850000000017,-1.155,-2.4050850000000015
370,underreporter,0.0,7870,21.94000000000004,40.0,False,0.0,33,-115.5,-240.50850000000017,-1.155,-2.4050850000000015
371,underreporter,0.0,7871,21.94000000000004,40.0,False,0.0,33,-115.5,-240.50850000000017,-1.155,-2.4050850000000015
372,underreporter,0.0,7872,21.94000000000004,40.0,False,0.0,33,-115.5,-240.50850000000017,-1.155,-2.4050850000000015
373,underreporter,0.0,7873,21.94000000000004,40.0,False,0.0,33,-115.5,-240.50850000000017,-1.155,-2.4050850000000015
374,underreporter,0.0,7874,21.94000000000004,40.0,False,0.0,33,-115.5,-240.50850000000017,-1.155,-2.4050850000000015
375,underreporter,0.0,7875,21.94000000000004,40.0,False,0.0,33,-115.5,-240.50850000000017,-1.155,-2.4050850000000015
376,underreporter,0.0,7876,21.94000000000004,40.0,False,0.0,33,-115.5,-240.50850000000017,-1.155,-2.4050850000000015
377,underreporter,0.0,7877,21.94000000000004,40.0,False,0.0,33,-115.5,-240.50850000000017,-1.155,-2.4050850000000015
378,underreporter,0.0,7878,21.94000000000004,40.0,False,0.0,33,-115.5,-240.50850000000017,-1.155,-2.4050850000000015
379,underreporter,0.0,7879,21.94000000000004,40.0,False,0.0,33,-115.5,-240.50850000000017,-1.155,-2.4050850000000015
380,underreporter,0.0,7880,21.94000000000004,40.0,False,0.0,33,-115.5,-240.50850000000017,-1.155,-2.4050850000000015
381,underreporter,0.0,7881,21.94000000000004,40.0,False,0.0,33,-115.5,-240.50850000000017,-1.155,-2.4050850000000015
382,underreporter,0.0,7882,21.94000000000004,40.0,False,0.0,33,-115.5,-240.50850000000017,-1.155,-2.4050850000000015
383,underreporter,0.0,7883,21.94000000000004,40.0,False,0.0,33,-115.5,-240.50850000000017,-1.155,-2.4050850000000015
384,underreporter,0.0,7884,21.94000000000004,40.0,False,0.0,33,-115.5,-240.50850000000017,-1.155,-2.4050850000000015
385,underreporter,0.0,7885,21.94000000000004,40.0,False,0.0,33,-115.5,-240.50850000000017,-1.155,-2.4050850000000015
386,underreporter,0.0,7886,21.94000000000004,40.0,False,0.0,33,-115.5,-240.50850000000017,-1.155,-2.4050850000000015
387,underreporter,0.0,7887,21.94000000000004,40.0,False,0.0,33,-115.5,-240.50850000000017,-1.155,-2.4050850000000015
388,underreporter,0.0,7888,21.94000000000004,40.0,False,0.0,33,-115.5,-240.50850000000017,-1.155,-2.4050850000000015
389,underreporter,0.0,7889,21.94000000000004,40.0,False,0.0,33,-115.5,-240.50850000000017,-1.155,-2.4050850000000015
390,underreporter,0.0,7890,21.94000000000004,40.0,False,0.0,33,-115.5,-240.50850000000017,-1.155,-2.4050850000000015
391,underreporter,0.0,7891,21.94000000000004,40.0,False,0.0,33,-115.5,-240.50850000000017,-1.155,-2.4050850000000015
392,underreporter,0.0,7892,21.94000000000004,40.0,False,0.0,33,-115.5,-240.50850000000017,-1.155,-2.4050850000000015
393,underreporter,0.0,7893,21.94000000000004,40.0,False,0.0,33,-115.5,-240.50850000000017,-1.155,-2.4050850000000015
394,underreporter,0.0,7894,21.94000000000004,40.0,False,0.0,33,-115.5,-240.50850000000017,-1.155,-2.4050850000000015
395,underreporter,0.0,7895,21.94000000000004,40.0,False,0.0,33,-115.5,-240.50850000000017,-1.155,-2.4050850000000015
396,underreporter,0.0,7896,21.94000000000004,40.0,False,0.0,33,-115.5,-240.50850000000017,-1.155,-2.4050850000000015
397,underreporter,0.0,7897,21.94000000000004,40.0,False,0.0,33,-115.5,-240.50850000000017,-1.155,-2.4050850000000015
398,underreporter,0.0,7898,21.94000000000004,40.0,False,0.0,33,-115.5,-240.50850000000017,-1.155,-2.4050850000000015
399,underreporter,0.0,7899,21.94000000000004,40.0,False,0.0,33,-115.5,-240.50850000000017,-1.155,-2.4050850000000015
400,underreporter,0.0,7900,21.94000000000004,40.0,False,0.0,33,-115.5,-240.50850000000017,-1.155,-2.4050850000000015
401,mixed,0.0,7901,23.98000000000002,40.0,False,0.0,47,-141.0,-242.23550000000003,-1.41,-2.4223550000000005
402,mixed,0.0,7902,23.98000000000002,40.0,False,0.0,47,-141.0,-242.23550000000003,-1.41,-2.4223550000000005
403,mixed,0.0,7903,23.98000000000002,40.0,False,0.0,47,-141.0,-242.23550000000003,-1.41,-2.4223550000000005
404,mixed,0.0,7904,23.98000000000002,40.0,False,0.0,47,-141.0,-242.23550000000003,-1.41,-2.4223550000000005
405,mixed,0.0,7905,23.98000000000002,40.0,False,0.0,47,-141.0,-242.23550000000003,-1.41,-2.4223550000000005
406,mixed,0.0,7906,23.98000000000002,40.0,False,0.0,47,-141.0,-242.23550000000003,-1.41,-2.4223550000000005
407,mixed,0.0,7907,23.98000000000002,40.0,False,0.0,47,-141.0,-242.23550000000003,-1.41,-2.4223550000000005
408,mixed,0.0,7908,23.98000000000002,40.0,False,0.0,47,-141.0,-242.23550000000003,-1.41,-2.4223550000000005
409,mixed,0.0,7909,23.98000000000002,40.0,False,0.0,47,-141.0,-242.23550000000003,-1.41,-2.4223550000000005
410,mixed,0.0,7910,23.98000000000002,40.0,False,0.0,47,-141.0,-242.23550000000003,-1.41,-2.4223550000000005
411,mixed,0.0,7911,23.98000000000002,40.0,False,0.0,47,-141.0,-242.23550000000003,-1.41,-2.4223550000000005
412,mixed,0.0,7912,23.98000000000002,40.0,False,0.0,47,-141.0,-242.23550000000003,-1.41,-2.4223550000000005
413,mixed,0.0,7913,23.98000000000002,40.0,False,0.0,47,-141.0,-242.23550000000003,-1.41,-2.4223550000000005
414,mixed,0.0,7914,23.98000000000002,40.0,False,0.0,47,-141.0,-242.23550000000003,-1.41,-2.4223550000000005
415,mixed,0.0,7915,23.98000000000002,40.0,False,0.0,47,-141.0,-242.23550000000003,-1.41,-2.4223550000000005
416,mixed,0.0,7916,23.98000000000002,40.0,False,0.0,47,-141.0,-242.23550000000003,-1.41,-2.4223550000000005
417,mixed,0.0,7917,23.98000000000002,40.0,False,0.0,47,-141.0,-242.23550000000003,-1.41,-2.4223550000000005
418,mixed,0.0,7918,23.98000000000002,40.0,False,0.0,47,-141.0,-242.23550000000003,-1.41,-2.4223550000000005
419,mixed,0.0,7919,23.98000000000002,40.0,False,0.0,47,-141.0,-242.23550000000003,-1.41,-2.4223550000000005
420,mixed,0.0,7920,23.98000000000002,40.0,False,0.0,47,-141.0,-242.23550000000003,-1.41,-2.4223550000000005
421,mixed,0.0,7921,23.98000000000002,40.0,False,0.0,47,-141.0,-242.23550000000003,-1.41,-2.4223550000000005
422,mixed,0.0,7922,23.98000000000002,40.0,False,0.0,47,-141.0,-242.23550000000003,-1.41,-2.4223550000000005
423,mixed,0.0,7923,23.98000000000002,40.0,False,0.0,47,-141.0,-242.23550000000003,-1.41,-2.4223550000000005
424,mixed,0.0,7924,23.98000000000002,40.0,False,0.0,47,-141.0,-242.23550000000003,-1.41,-2.4223550000000005
425,mixed,0.0,7925,23.98000000000002,40.0,False,0.0,47,-141.0,-242.23550000000003,-1.41,-2.4223550000000005
426,mixed,0.0,7926,23.98000000000002,40.0,False,0.0,47,-141.0,-242.23550000000003,-1.41,-2.4223550000000005
427,mixed,0.0,7927,23.98000000000002,40.0,False,0.0,47,-141.0,-242.23550000000003,-1.41,-2.4223550000000005
428,mixed,0.0,7928,23.98000000000002,40.0,False,0.0,47,-141.0,-242.23550000000003,-1.41,-2.4223550000000005
429,mixed,0.0,7929,23.98000000000002,40.0,False,0.0,47,-141.0,-242.23550000000003,-1.41,-2.4223550000000005
430,mixed,0.0,7930,23.98000000000002,40.0,False,0.0,47,-141.0,-242.23550000000003,-1.41,-2.4223550000000005
431,mixed,0.0,7931,23.98000000000002,40.0,False,0.0,47,-141.0,-242.23550000000003,-1.41,-2.4223550000000005
432,mixed,0.0,7932,23.98000000000002,40.0,False,0.0,47,-141.0,-242.23550000000003,-1.41,-2.4223550000000005
433,mixed,0.0,7933,23.98000000000002,40.0,False,0.0,47,-141.0,-242.23550000000003,-1.41,-2.4223550000000005
434,mixed,0.0,7934,23.98000000000002,40.0,False,0.0,47,-141.0,-242.23550000000003,-1.41,-2.4223550000000005
435,mixed,0.0,7935,23.98000000000002,40.0,False,0.0,47,-141.0,-242.23550000000003,-1.41,-2.4223550000000005
436,mixed,0.0,7936,23.98000000000002,40.0,False,0.0,47,-141.0,-242.23550000000003,-1.41,-2.4223550000000005
437,mixed,0.0,7937,23.98000000000002,40.0,False,0.0,47,-141.0,-242.23550000000003,-1.41,-2.4223550000000005
438,mixed,0.0,7938,23.98000000000002,40.0,False,0.0,47,-141.0,-242.23550000000003,-1.41,-2.4223550000000005
439,mixed,0.0,7939,23.98000000000002,40.0,False,0.0,47,-141.0,-242.23550000000003,-1.41,-2.4223550000000005
440,mixed,0.0,7940,23.98000000000002,40.0,False,0.0,47,-141.0,-242.23550000000003,-1.41,-2.4223550000000005
441,mixed,0.0,7941,23.98000000000002,40.0,False,0.0,47,-141.0,-242.23550000000003,-1.41,-2.4223550000000005
442,mixed,0.0,7942,23.98000000000002,40.0,False,0.0,47,-141.0,-242.23550000000003,-1.41,-2.4223550000000005
443,mixed,0.0,7943,23.98000000000002,40.0,False,0.0,47,-141.0,-242.23550000000003,-1.41,-2.4223550000000005
444,mixed,0.0,7944,23.98000000000002,40.0,False,0.0,47,-141.0,-242.23550000000003,-1.41,-2.4223550000000005
445,mixed,0.0,7945,23.98000000000002,40.0,False,0.0,47,-141.0,-242.23550000000003,-1.41,-2.4223550000000005
446,mixed,0.0,7946,23.98000000000002,40.0,False,0.0,47,-141.0,-242.23550000000003,-1.41,-2.4223550000000005
447,mixed,0.0,7947,23.98000000000002,40.0,False,0.0,47,-141.0,-242.73550000000003,-1.41,-2.4273550000000004
448,mixed,0.0,7948,23.98000000000002,40.0,False,0.0,47,-141.0,-242.23550000000003,-1.41,-2.4223550000000005
449,mixed,0.0,7949,23.98000000000002,40.0,False,0.0,47,-141.0,-242.23550000000003,-1.41,-2.4223550000000005
450,mixed,0.0,7950,23.98000000000002,40.0,False,0.0,47,-141.0,-242.23550000000003,-1.41,-2.4223550000000005
451,mixed,0.0,7951,23.98000000000002,40.0,False,0.0,47,-141.0,-242.23550000000003,-1.41,-2.4223550000000005
452,mixed,0.0,7952,23.98000000000002,40.0,False,0.0,47,-141.0,-242.23550000000003,-1.41,-2.4223550000000005
453,mixed,0.0,7953,23.98000000000002,40.0,False,0.0,47,-141.0,-242.23550000000003,-1.41,-2.4223550000000005
454,mixed,0.0,7954,23.98000000000002,40.0,False,0.0,47,-141.0,-242.23550000000003,-1.41,-2.4223550000000005
455,mixed,0.0,7955,23.98000000000002,40.0,False,0.0,47,-141.0,-242.23550000000003,-1.41,-2.4223550000000005
456,mixed,0.0,7956,23.98000000000002,40.0,False,0.0,47,-141.0,-242.23550000000003,-1.41,-2.4223550000000005
457,mixed,0.0,7957,23.98000000000002,40.0,False,0.0,47,-141.0,-242.23550000000003,-1.41,-2.4223550000000005
458,mixed,0.0,7958,23.98000000000002,40.0,False,0.0,47,-141.0,-242.23550000000003,-1.41,-2.4223550000000005
459,mixed,0.0,7959,23.98000000000002,40.0,False,0.0,47,-141.0,-242.23550000000003,-1.41,-2.4223550000000005
460,mixed,0.0,7960,23.98000000000002,40.0,False,0.0,47,-141.0,-242.23550000000003,-1.41,-2.4223550000000005
461,mixed,0.0,7961,23.98000000000002,40.0,False,0.0,47,-141.0,-242.23550000000003,-1.41,-2.4223550000000005
462,mixed,0.0,7962,23.98000000000002,40.0,False,0.0,47,-141.0,-242.23550000000003,-1.41,-2.4223550000000005
463,mixed,0.0,7963,23.98000000000002,40.0,False,0.0,47,-141.0,-242.23550000000003,-1.41,-2.4223550000000005
464,mixed,0.0,7964,23.98000000000002,40.0,False,0.0,47,-141.0,-242.23550000000003,-1.41,-2.4223550000000005
465,mixed,0.0,7965,23.98000000000002,40.0,False,0.0,47,-141.0,-242.23550000000003,-1.41,-2.4223550000000005
466,mixed,0.0,7966,23.98000000000002,40.0,False,0.0,47,-141.0,-242.23550000000003,-1.41,-2.4223550000000005
467,mixed,0.0,7967,23.98000000000002,40.0,False,0.0,47,-141.0,-242.23550000000003,-1.41,-2.4223550000000005
468,mixed,0.0,7968,23.98000000000002,40.0,False,0.0,47,-141.0,-242.23550000000003,-1.41,-2.4223550000000005
469,mixed,0.0,7969,23.98000000000002,40.0,False,0.0,47,-141.0,-242.23550000000003,-1.41,-2.4223550000000005
470,mixed,0.0,7970,23.98000000000002,40.0,False,0.0,47,-141.0,-242.23550000000003,-1.41,-2.4223550000000005
471,mixed,0.0,7971,23.98000000000002,40.0,False,0.0,47,-141.0,-242.23550000000003,-1.41,-2.4223550000000005
472,mixed,0.0,7972,23.98000000000002,40.0,False,0.0,47,-141.0,-242.23550000000003,-1.41,-2.4223550000000005
473,mixed,0.0,7973,23.98000000000002,40.0,False,0.0,47,-141.0,-242.23550000000003,-1.41,-2.4223550000000005
474,mixed,0.0,7974,23.98000000000002,40.0,False,0.0,47,-141.0,-242.23550000000003,-1.41,-2.4223550000000005
475,mixed,0.0,7975,23.98000000000002,40.0,False,0.0,47,-141.0,-242.23550000000003,-1.41,-2.4223550000000005
476,mixed,0.0,7976,23.98000000000002,40.0,False,0.0,47,-141.0,-242.23550000000003,-1.41,-2.4223550000000005
477,mixed,0.0,7977,23.98000000000002,40.0,False,0.0,47,-141.0,-242.23550000000003,-1.41,-2.4223550000000005
478,mixed,0.0,7978,23.98000000000002,40.0,False,0.0,47,-141.0,-242.23550000000003,-1.41,-2.4223550000000005
479,mixed,0.0,7979,23.98000000000002,40.0,False,0.0,47,-141.0,-242.23550000000003,-1.41,-2.4223550000000005
480,mixed,0.0,7980,23.98000000000002,40.0,False,0.0,47,-141.0,-242.23550000000003,-1.41,-2.4223550000000005
481,mixed,0.0,7981,23.98000000000002,40.0,False,0.0,47,-141.0,-242.23550000000003,-1.41,-2.4223550000000005
482,mixed,0.0,7982,23.98000000000002,40.0,False,0.0,47,-141.0,-242.23550000000003,-1.41,-2.4223550000000005
483,mixed,0.0,7983,23.98000000000002,40.0,False,0.0,47,-141.0,-242.23550000000003,-1.41,-2.4223550000000005
484,mixed,0.0,7984,23.98000000000002,40.0,False,0.0,47,-141.0,-242.23550000000003,-1.41,-2.4223550000000005
485,mixed,0.0,7985,23.98000000000002,40.0,False,0.0,47,-141.0,-242.23550000000003,-1.41,-2.4223550000000005
486,mixed,0.0,7986,23.98000000000002,40.0,False,0.0,47,-141.0,-242.23550000000003,-1.41,-2.4223550000000005
487,mixed,0.0,7987,23.98000000000002,40.0,False,0.0,47,-141.0,-242.23550000000003,-1.41,-2.4223550000000005
488,mixed,0.0,7988,23.98000000000002,40.0,False,0.0,47,-141.0,-242.23550000000003,-1.41,-2.4223550000000005
489,mixed,0.0,7989,23.98000000000002,40.0,False,0.0,47,-141.0,-242.23550000000003,-1.41,-2.4223550000000005
490,mixed,0.0,7990,23.98000000000002,40.0,False,0.0,47,-141.0,-242.23550000000003,-1.41,-2.4223550000000005
491,mixed,0.0,7991,23.98000000000002,40.0,False,0.0,47,-141.0,-242.23550000000003,-1.41,-2.4223550000000005
492,mixed,0.0,7992,23.98000000000002,40.0,False,0.0,47,-141.0,-242.23550000000003,-1.41,-2.4223550000000005
493,mixed,0.0,7993,23.98000000000002,40.0,False,0.0,47,-141.0,-242.23550000000003,-1.41,-2.4223550000000005
494,mixed,0.0,7994,23.98000000000002,40.0,False,0.0,47,-141.0,-242.23550000000003,-1.41,-2.4223550000000005
495,mixed,0.0,7995,23.98000000000002,40.0,False,0.0,47,-141.0,-242.23550000000003,-1.41,-2.4223550000000005
496,mixed,0.0,7996,23.98000000000002,40.0,False,0.0,47,-141.0,-242.23550000000003,-1.41,-2.4223550000000005
497,mixed,0.0,7997,23.98000000000002,40.0,False,0.0,47,-141.0,-242.23550000000003,-1.41,-2.4223550000000005
498,mixed,0.0,7998,23.98000000000002,40.0,False,0.0,47,-141.0,-242.23550000000003,-1.41,-2.4223550000000005
499,mixed,0.0,7999,23.98000000000002,40.0,False,0.0,47,-141.0,-242.23550000000003,-1.41,-2.4223550000000005
500,mixed,0.0,8000,23.98000000000002,40.0,False,0.0,47,-141.0,-242.23550000000003,-1.41,-2.4223550000000005
501,mixed,0.0,8001,23.98000000000002,40.0,False,0.0,47,-141.0,-242.23550000000003,-1.41,-2.4223550000000005
502,mixed,0.0,8002,23.98000000000002,40.0,False,0.0,47,-141.0,-242.23550000000003,-1.41,-2.4223550000000005
503,mixed,0.0,8003,23.98000000000002,40.0,False,0.0,47,-141.0,-242.23550000000003,-1.41,-2.4223550000000005
504,mixed,0.0,8004,23.98000000000002,40.0,False,0.0,47,-141.0,-242.23550000000003,-1.41,-2.4223550000000005
505,mixed,0.0,8005,23.98000000000002,40.0,False,0.0,47,-141.0,-242.23550000000003,-1.41,-2.4223550000000005
506,mixed,0.0,8006,23.98000000000002,40.0,False,0.0,47,-141.0,-242.23550000000003,-1.41,-2.4223550000000005
507,mixed,0.0,8007,23.98000000000002,40.0,False,0.0,47,-141.0,-242.23550000000003,-1.41,-2.4223550000000005
508,mixed,0.0,8008,23.98000000000002,40.0,False,0.0,47,-141.0,-242.23550000000003,-1.41,-2.4223550000000005
509,mixed,0.0,8009,23.98000000000002,40.0,False,0.0,47,-141.0,-242.23550000000003,-1.41,-2.4223550000000005
510,mixed,0.0,8010,23.98000000000002,40.0,False,0.0,47,-141.0,-242.23550000000003,-1.41,-2.4223550000000005
511,mixed,0.0,8011,23.98000000000002,40.0,False,0.0,47,-141.0,-242.23550000000003,-1.41,-2.4223550000000005
512,mixed,0.0,8012,23.98000000000002,40.0,False,0.0,47,-141.0,-242.23550000000003,-1.41,-2.4223550000000005
513,mixed,0.0,8013,23.98000000000002,40.0,False,0.0,47,-141.0,-242.23550000000003,-1.41,-2.4223550000000005
514,mixed,0.0,8014,23.98000000000002,40.0,False,0.0,47,-141.0,-242.23550000000003,-1.41,-2.4223550000000005
515,mixed,0.0,8015,23.98000000000002,40.0,False,0.0,47,-141.0,-242.23550000000003,-1.41,-2.4223550000000005
516,mixed,0.0,8016,23.98000000000002,40.0,False,0.0,47,-141.0,-242.23550000000003,-1.41,-2.4223550000000005
517,mixed,0.0,8017,23.98000000000002,40.0,False,0.0,47,-141.0,-242.23550000000003,-1.41,-2.4223550000000005
518,mixed,0.0,8018,23.98000000000002,40.0,False,0.0,47,-141.0,-242.23550000000003,-1.41,-2.4223550000000005
519,mixed,0.0,8019,23.98000000000002,40.0,False,0.0,47,-141.0,-242.23550000000003,-1.41,-2.4223550000000005
520,mixed,0.0,8020,23.98000000000002,40.0,False,0.0,47,-141.0,-242.23550000000003,-1.41,-2.4223550000000005
521,mixed,0.0,8021,23.98000000000002,40.0,False,0.0,47,-141.0,-242.23550000000003,-1.41,-2.4223550000000005
522,mixed,0.0,8022,23.98000000000002,40.0,False,0.0,47,-141.0,-242.23550000000003,-1.41,-2.4223550000000005
523,mixed,0.0,8023,23.98000000000002,40.0,False,0.0,47,-141.0,-242.23550000000003,-1.41,-2.4223550000000005
524,mixed,0.0,8024,23.98000000000002,40.0,False,0.0,47,-141.0,-242.23550000000003,-1.41,-2.4223550000000005
525,mixed,0.0,8025,23.98000000000002,40.0,False,0.0,47,-141.0,-242.23550000000003,-1.41,-2.4223550000000005
526,mixed,0.0,8026,23.98000000000002,40.0,False,0.0,47,-141.0,-242.23550000000003,-1.41,-2.4223550000000005
527,mixed,0.0,8027,23.98000000000002,40.0,False,0.0,47,-141.0,-242.23550000000003,-1.41,-2.4223550000000005
528,mixed,0.0,8028,23.98000000000002,40.0,False,0.0,47,-141.0,-242.23550000000003,-1.41,-2.4223550000000005
529,mixed,0.0,8029,23.98000000000002,40.0,False,0.0,47,-141.0,-242.23550000000003,-1.41,-2.4223550000000005
530,mixed,0.0,8030,23.98000000000002,40.0,False,0.0,47,-141.0,-242.23550000000003,-1.41,-2.4223550000000005
531,mixed,0.0,8031,23.98000000000002,40.0,False,0.0,47,-141.0,-242.23550000000003,-1.41,-2.4223550000000005
532,mixed,0.0,8032,23.98000000000002,40.0,False,0.0,47,-141.0,-242.23550000000003,-1.41,-2.4223550000000005
533,mixed,0.0,8033,23.98000000000002,40.0,False,0.0,47,-141.0,-242.23550000000003,-1.41,-2.4223550000000005
534,mixed,0.0,8034,23.98000000000002,40.0,False,0.0,47,-141.0,-242.23550000000003,-1.41,-2.4223550000000005
535,mixed,0.0,8035,23.98000000000002,40.0,False,0.0,47,-141.0,-242.23550000000003,-1.41,-2.4223550000000005
536,mixed,0.0,8036,23.98000000000002,40.0,False,0.0,47,-141.0,-242.23550000000003,-1.41,-2.4223550000000005
537,mixed,0.0,8037,23.98000000000002,40.0,False,0.0,47,-141.0,-242.23550000000003,-1.41,-2.4223550000000005
538,mixed,0.0,8038,23.98000000000002,40.0,False,0.0,47,-141.0,-242.23550000000003,-1.41,-2.4223550000000005
539,mixed,0.0,8039,23.98000000000002,40.0,False,0.0,47,-141.0,-242.23550000000003,-1.41,-2.4223550000000005
540,mixed,0.0,8040,23.98000000000002,40.0,False,0.0,47,-141.0,-242.23550000000003,-1.41,-2.4223550000000005
541,mixed,0.0,8041,23.98000000000002,40.0,False,0.0,47,-141.0,-242.23550000000003,-1.41,-2.4223550000000005
542,mixed,0.0,8042,23.98000000000002,40.0,False,0.0,47,-141.0,-242.23550000000003,-1.41,-2.4223550000000005
543,mixed,0.0,8043,23.98000000000002,40.0,False,0.0,47,-141.0,-242.23550000000003,-1.41,-2.4223550000000005
544,mixed,0.0,8044,23.98000000000002,40.0,False,0.0,47,-141.0,-242.23550000000003,-1.41,-2.4223550000000005
545,mixed,0.0,8045,23.98000000000002,40.0,False,0.0,47,-141.0,-242.23550000000003,-1.41,-2.4223550000000005
546,mixed,0.0,8046,23.98000000000002,40.0,False,0.0,47,-141.0,-242.23550000000003,-1.41,-2.4223550000000005
547,mixed,0.0,8047,23.98000000000002,40.0,False,0.0,47,-141.0,-242.23550000000003,-1.41,-2.4223550000000005
548,mixed,0.0,8048,23.98000000000002,40.0,False,0.0,47,-141.0,-242.23550000000003,-1.41,-2.4223550000000005
549,mixed,0.0,8049,23.98000000000002,40.0,False,0.0,47,-141.0,-242.23550000000003,-1.41,-2.4223550000000005
550,mixed,0.0,8050,23.98000000000002,40.0,False,0.0,47,-141.0,-242.23550000000003,-1.41,-2.4223550000000005
551,mixed,0.0,8051,23.98000000000002,40.0,False,0.0,47,-141.0,-242.23550000000003,-1.41,-2.4223550000000005
552,mixed,0.0,8052,23.98000000000002,40.0,False,0.0,47,-141.0,-242.23550000000003,-1.41,-2.4223550000000005
553,mixed,0.0,8053,23.98000000000002,40.0,False,0.0,47,-141.0,-242.23550000000003,-1.41,-2.4223550000000005
554,mixed,0.0,8054,23.98000000000002,40.0,False,0.0,47,-141.0,-242.23550000000003,-1.41,-2.4223550000000005
555,mixed,0.0,8055,23.98000000000002,40.0,False,0.0,47,-141.0,-242.23550000000003,-1.41,-2.4223550000000005
556,mixed,0.0,8056,23.98000000000002,40.0,False,0.0,47,-141.0,-242.23550000000003,-1.41,-2.4223550000000005
557,mixed,0.0,8057,23.98000000000002,40.0,False,0.0,47,-141.0,-242.23550000000003,-1.41,-2.4223550000000005
558,mixed,0.0,8058,23.98000000000002,40.0,False,0.0,47,-141.0,-242.23550000000003,-1.41,-2.4223550000000005
559,mixed,0.0,8059,23.98000000000002,40.0,False,0.0,47,-141.0,-242.23550000000003,-1.41,-2.4223550000000005
560,mixed,0.0,8060,23.98000000000002,40.0,False,0.0,47,-141.0,-242.23550000000003,-1.41,-2.4223550000000005
561,mixed,0.0,8061,23.98000000000002,40.0,False,0.0,47,-141.0,-242.23550000000003,-1.41,-2.4223550000000005
562,mixed,0.0,8062,23.98000000000002,40.0,False,0.0,47,-141.0,-242.23550000000003,-1.41,-2.4223550000000005
563,mixed,0.0,8063,23.98000000000002,40.0,False,0.0,47,-141.0,-242.23550000000003,-1.41,-2.4223550000000005
564,mixed,0.0,8064,23.98000000000002,40.0,False,0.0,47,-141.0,-242.23550000000003,-1.41,-2.4223550000000005
565,mixed,0.0,8065,23.98000000000002,40.0,False,0.0,47,-141.0,-242.23550000000003,-1.41,-2.4223550000000005
566,mixed,0.0,8066,23.98000000000002,40.0,False,0.0,47,-141.0,-242.23550000000003,-1.41,-2.4223550000000005
567,mixed,0.0,8067,23.98000000000002,40.0,False,0.0,47,-141.0,-242.23550000000003,-1.41,-2.4223550000000005
568,mixed,0.0,8068,23.98000000000002,40.0,False,0.0,47,-141.0,-242.23550000000003,-1.41,-2.4223550000000005
569,mixed,0.0,8069,23.98000000000002,40.0,False,0.0,47,-141.0,-242.23550000000003,-1.41,-2.4223550000000005
570,mixed,0.0,8070,23.98000000000002,40.0,False,0.0,47,-141.0,-242.23550000000003,-1.41,-2.4223550000000005
571,mixed,0.0,8071,23.98000000000002,40.0,False,0.0,47,-141.0,-242.23550000000003,-1.41,-2.4223550000000005
572,mixed,0.0,8072,23.98000000000002,40.0,False,0.0,47,-141.0,-242.23550000000003,-1.41,-2.4223550000000005
573,mixed,0.0,8073,23.98000000000002,40.0,False,0.0,47,-141.0,-242.23550000000003,-1.41,-2.4223550000000005
574,mixed,0.0,8074,23.98000000000002,40.0,False,0.0,47,-141.0,-242.23550000000003,-1.41,-2.4223550000000005
575,mixed,0.0,8075,23.98000000000002,40.0,False,0.0,47,-141.0,-242.23550000000003,-1.41,-2.4223550000000005
576,mixed,0.0,8076,23.98000000000002,40.0,False,0.0,47,-141.0,-242.23550000000003,-1.41,-2.4223550000000005
577,mixed,0.0,8077,23.98000000000002,40.0,False,0.0,47,-141.0,-242.23550000000003,-1.41,-2.4223550000000005
578,mixed,0.0,8078,23.98000000000002,40.0,False,0.0,47,-141.0,-242.23550000000003,-1.41,-2.4223550000000005
579,mixed,0.0,8079,23.98000000000002,40.0,False,0.0,47,-141.0,-242.23550000000003,-1.41,-2.4223550000000005
580,mixed,0.0,8080,23.98000000000002,40.0,False,0.0,47,-141.0,-242.23550000000003,-1.41,-2.4223550000000005
581,mixed,0.0,8081,23.98000000000002,40.0,False,0.0,47,-141.0,-242.23550000000003,-1.41,-2.4223550000000005
582,mixed,0.0,8082,23.98000000000002,40.0,False,0.0,47,-141.0,-242.23550000000003,-1.41,-2.4223550000000005
583,mixed,0.0,8083,23.98000000000002,40.0,False,0.0,47,-141.0,-242.23550000000003,-1.41,-2.4223550000000005
584,mixed,0.0,8084,23.98000000000002,40.0,False,0.0,47,-141.0,-242.23550000000003,-1.41,-2.4223550000000005
585,mixed,0.0,8085,23.98000000000002,40.0,False,0.0,47,-141.0,-242.23550000000003,-1.41,-2.4223550000000005
586,mixed,0.0,8086,23.98000000000002,40.0,False,0.0,47,-141.0,-242.23550000000003,-1.41,-2.4223550000000005
587,mixed,0.0,8087,23.98000000000002,40.0,False,0.0,47,-141.0,-242.23550000000003,-1.41,-2.4223550000000005
588,mixed,0.0,8088,23.98000000000002,40.0,False,0.0,47,-141.0,-242.23550000000003,-1.41,-2.4223550000000005
589,mixed,0.0,8089,23.98000000000002,40.0,False,0.0,47,-141.0,-242.23550000000003,-1.41,-2.4223550000000005
590,mixed,0.0,8090,23.98000000000002,40.0,False,0.0,47,-141.0,-242.23550000000003,-1.41,-2.4223550000000005
591,mixed,0.0,8091,23.98000000000002,40.0,False,0.0,47,-141.0,-242.23550000000003,-1.41,-2.4223550000000005
592,mixed,0.0,8092,23.98000000000002,40.0,False,0.0,47,-141.0,-242.23550000000003,-1.41,-2.4223550000000005
593,mixed,0.0,8093,23.98000000000002,40.0,False,0.0,47,-141.0,-242.23550000000003,-1.41,-2.4223550000000005
594,mixed,0.0,8094,23.98000000000002,40.0,False,0.0,47,-141.0,-242.23550000000003,-1.41,-2.4223550000000005
595,mixed,0.0,8095,23.98000000000002,40.0,False,0.0,47,-141.0,-242.23550000000003,-1.41,-2.4223550000000005
596,mixed,0.0,8096,23.98000000000002,40.0,False,0.0,47,-141.0,-242.23550000000003,-1.41,-2.4223550000000005
597,mixed,0.0,8097,23.98000000000002,40.0,False,0.0,47,-141.0,-242.23550000000003,-1.41,-2.4223550000000005
598,mixed,0.0,8098,23.98000000000002,40.0,False,0.0,47,-141.0,-242.23550000000003,-1.41,-2.4223550000000005
599,mixed,0.0,8099,23.98000000000002,40.0,False,0.0,47,-141.0,-242.23550000000003,-1.41,-2.4223550000000005
600,mixed,0.0,8100,23.98000000000002,40.0,False,0.0,47,-141.0,-242.23550000000003,-1.41,-2.4223550000000005
601,burst_recovery,0.0,8101,25.00000000000001,40.0,False,0.0,50,-147.5,-179.53500000000022,-1.475,-1.7953500000000022
602,burst_recovery,0.0,8102,25.00000000000001,40.0,False,0.0,50,-147.5,-179.53500000000022,-1.475,-1.7953500000000022
603,burst_recovery,0.0,8103,25.00000000000001,40.0,False,0.0,50,-147.5,-179.53500000000022,-1.475,-1.7953500000000022
604,burst_recovery,0.0,8104,25.00000000000001,40.0,False,0.0,50,-147.5,-179.53500000000022,-1.475,-1.7953500000000022
605,burst_recovery,0.0,8105,25.00000000000001,40.0,False,0.0,50,-147.5,-179.53500000000022,-1.475,-1.7953500000000022
606,burst_recovery,0.0,8106,25.00000000000001,40.0,False,0.0,50,-147.5,-179.53500000000022,-1.475,-1.7953500000000022
607,burst_recovery,0.0,8107,25.00000000000001,40.0,False,0.0,50,-147.5,-179.53500000000022,-1.475,-1.7953500000000022
608,burst_recovery,0.0,8108,25.00000000000001,40.0,False,0.0,50,-147.5,-179.53500000000022,-1.475,-1.7953500000000022
609,burst_recovery,0.0,8109,25.00000000000001,40.0,False,0.0,50,-147.5,-179.53500000000022,-1.475,-1.7953500000000022
610,burst_recovery,0.0,8110,25.00000000000001,40.0,False,0.0,50,-147.5,-179.53500000000022,-1.475,-1.7953500000000022
611,burst_recovery,0.0,8111,25.00000000000001,40.0,False,0.0,50,-147.5,-179.53500000000022,-1.475,-1.7953500000000022
612,burst_recovery,0.0,8112,25.00000000000001,40.0,False,0.0,50,-147.5,-179.53500000000022,-1.475,-1.7953500000000022
613,burst_recovery,0.0,8113,25.00000000000001,40.0,False,0.0,50,-147.5,-179.53500000000022,-1.475,-1.7953500000000022
614,burst_recovery,0.0,8114,25.00000000000001,40.0,False,0.0,50,-147.5,-179.53500000000022,-1.475,-1.7953500000000022
615,burst_recovery,0.0,8115,25.00000000000001,40.0,False,0.0,50,-147.5,-179.53500000000022,-1.475,-1.7953500000000022
616,burst_recovery,0.0,8116,25.00000000000001,40.0,False,0.0,50,-147.5,-179.53500000000022,-1.475,-1.7953500000000022
617,burst_recovery,0.0,8117,25.00000000000001,40.0,False,0.0,50,-147.5,-179.53500000000022,-1.475,-1.7953500000000022
618,burst_recovery,0.0,8118,25.00000000000001,40.0,False,0.0,50,-147.5,-179.53500000000022,-1.475,-1.7953500000000022
619,burst_recovery,0.0,8119,25.00000000000001,40.0,False,0.0,50,-147.5,-179.53500000000022,-1.475,-1.7953500000000022
620,burst_recovery,0.0,8120,25.00000000000001,40.0,False,0.0,50,-147.5,-179.53500000000022,-1.475,-1.7953500000000022
621,burst_recovery,0.0,8121,25.00000000000001,40.0,False,0.0,50,-147.5,-179.53500000000022,-1.475,-1.7953500000000022
622,burst_recovery,0.0,8122,25.00000000000001,40.0,False,0.0,50,-147.5,-179.53500000000022,-1.475,-1.7953500000000022
623,burst_recovery,0.0,8123,25.00000000000001,40.0,False,0.0,50,-147.5,-179.53500000000022,-1.475,-1.7953500000000022
624,burst_recovery,0.0,8124,25.00000000000001,40.0,False,0.0,50,-147.5,-179.53500000000022,-1.475,-1.7953500000000022
625,burst_recovery,0.0,8125,25.00000000000001,40.0,False,0.0,50,-147.5,-179.53500000000022,-1.475,-1.7953500000000022
626,burst_recovery,0.0,8126,25.00000000000001,40.0,False,0.0,50,-147.5,-179.53500000000022,-1.475,-1.7953500000000022
627,burst_recovery,0.0,8127,25.00000000000001,40.0,False,0.0,50,-147.5,-179.53500000000022,-1.475,-1.7953500000000022
628,burst_recovery,0.0,8128,25.00000000000001,40.0,False,0.0,50,-147.5,-179.53500000000022,-1.475,-1.7953500000000022
629,burst_recovery,0.0,8129,25.00000000000001,40.0,False,0.0,50,-147.5,-179.53500000000022,-1.475,-1.7953500000000022
630,burst_recovery,0.0,8130,25.00000000000001,40.0,False,0.0,50,-147.5,-179.53500000000022,-1.475,-1.7953500000000022
631,burst_recovery,0.0,8131,25.00000000000001,40.0,False,0.0,50,-147.5,-179.53500000000022,-1.475,-1.7953500000000022
632,burst_recovery,0.0,8132,25.00000000000001,40.0,False,0.0,50,-147.5,-179.53500000000022,-1.475,-1.7953500000000022
633,burst_recovery,0.0,8133,25.00000000000001,40.0,False,0.0,50,-147.5,-179.53500000000022,-1.475,-1.7953500000000022
634,burst_recovery,0.0,8134,25.00000000000001,40.0,False,0.0,50,-147.5,-179.53500000000022,-1.475,-1.7953500000000022
635,burst_recovery,0.0,8135,25.00000000000001,40.0,False,0.0,50,-147.5,-179.53500000000022,-1.475,-1.7953500000000022
636,burst_recovery,0.0,8136,25.00000000000001,40.0,False,0.0,50,-147.5,-179.53500000000022,-1.475,-1.7953500000000022
637,burst_recovery,0.0,8137,25.00000000000001,40.0,False,0.0,50,-147.5,-179.53500000000022,-1.475,-1.7953500000000022
638,burst_recovery,0.0,8138,25.00000000000001,40.0,False,0.0,50,-147.5,-179.53500000000022,-1.475,-1.7953500000000022
639,burst_recovery,0.0,8139,25.00000000000001,40.0,False,0.0,50,-147.5,-179.53500000000022,-1.475,-1.7953500000000022
640,burst_recovery,0.0,8140,25.00000000000001,40.0,False,0.0,50,-147.5,-179.53500000000022,-1.475,-1.7953500000000022
641,burst_recovery,0.0,8141,25.00000000000001,40.0,False,0.0,50,-147.5,-179.53500000000022,-1.475,-1.7953500000000022
642,burst_recovery,0.0,8142,25.00000000000001,40.0,False,0.0,50,-147.5,-179.53500000000022,-1.475,-1.7953500000000022
643,burst_recovery,0.0,8143,25.00000000000001,40.0,False,0.0,50,-147.5,-179.53500000000022,-1.475,-1.7953500000000022
644,burst_recovery,0.0,8144,25.00000000000001,40.0,False,0.0,50,-147.5,-179.53500000000022,-1.475,-1.7953500000000022
645,burst_recovery,0.0,8145,25.00000000000001,40.0,False,0.0,50,-147.5,-179.53500000000022,-1.475,-1.7953500000000022
646,burst_recovery,0.0,8146,25.00000000000001,40.0,False,0.0,50,-147.5,-179.53500000000022,-1.475,-1.7953500000000022
647,burst_recovery,0.0,8147,25.00000000000001,40.0,False,0.0,50,-147.5,-179.53500000000022,-1.475,-1.7953500000000022
648,burst_recovery,0.0,8148,25.00000000000001,40.0,False,0.0,50,-147.5,-179.53500000000022,-1.475,-1.7953500000000022
649,burst_recovery,0.0,8149,25.00000000000001,40.0,False,0.0,50,-147.5,-179.53500000000022,-1.475,-1.7953500000000022
650,burst_recovery,0.0,8150,25.00000000000001,40.0,False,0.0,50,-147.5,-179.53500000000022,-1.475,-1.7953500000000022
651,burst_recovery,0.0,8151,25.00000000000001,40.0,False,0.0,50,-147.5,-179.53500000000022,-1.475,-1.7953500000000022
652,burst_recovery,0.0,8152,25.00000000000001,40.0,False,0.0,50,-147.5,-179.53500000000022,-1.475,-1.7953500000000022
653,burst_recovery,0.0,8153,25.00000000000001,40.0,False,0.0,50,-147.5,-179.53500000000022,-1.475,-1.7953500000000022
654,burst_recovery,0.0,8154,25.00000000000001,40.0,False,0.0,50,-147.5,-179.53500000000022,-1.475,-1.7953500000000022
655,burst_recovery,0.0,8155,25.00000000000001,40.0,False,0.0,50,-147.5,-179.53500000000022,-1.475,-1.7953500000000022
656,burst_recovery,0.0,8156,25.00000000000001,40.0,False,0.0,50,-147.5,-179.53500000000022,-1.475,-1.7953500000000022
657,burst_recovery,0.0,8157,25.00000000000001,40.0,False,0.0,50,-147.5,-179.53500000000022,-1.475,-1.7953500000000022
658,burst_recovery,0.0,8158,25.00000000000001,40.0,False,0.0,50,-147.5,-179.53500000000022,-1.475,-1.7953500000000022
659,burst_recovery,0.0,8159,25.00000000000001,40.0,False,0.0,50,-147.5,-179.53500000000022,-1.475,-1.7953500000000022
660,burst_recovery,0.0,8160,25.00000000000001,40.0,False,0.0,50,-147.5,-179.53500000000022,-1.475,-1.7953500000000022
661,burst_recovery,0.0,8161,25.00000000000001,40.0,False,0.0,50,-147.5,-179.53500000000022,-1.475,-1.7953500000000022
662,burst_recovery,0.0,8162,25.00000000000001,40.0,False,0.0,50,-147.5,-179.53500000000022,-1.475,-1.7953500000000022
663,burst_recovery,0.0,8163,25.00000000000001,40.0,False,0.0,50,-147.5,-179.53500000000022,-1.475,-1.7953500000000022
664,burst_recovery,0.0,8164,25.00000000000001,40.0,False,0.0,50,-147.5,-179.53500000000022,-1.475,-1.7953500000000022
665,burst_recovery,0.0,8165,25.00000000000001,40.0,False,0.0,50,-147.5,-179.53500000000022,-1.475,-1.7953500000000022
666,burst_recovery,0.0,8166,25.00000000000001,40.0,False,0.0,50,-147.5,-179.53500000000022,-1.475,-1.7953500000000022
667,burst_recovery,0.0,8167,25.00000000000001,40.0,False,0.0,50,-147.5,-179.53500000000022,-1.475,-1.7953500000000022
668,burst_recovery,0.0,8168,25.00000000000001,40.0,False,0.0,50,-147.5,-179.53500000000022,-1.475,-1.7953500000000022
669,burst_recovery,0.0,8169,25.00000000000001,40.0,False,0.0,50,-147.5,-179.53500000000022,-1.475,-1.7953500000000022
670,burst_recovery,0.0,8170,25.00000000000001,40.0,False,0.0,50,-147.5,-179.53500000000022,-1.475,-1.7953500000000022
671,burst_recovery,0.0,8171,25.00000000000001,40.0,False,0.0,50,-147.5,-179.53500000000022,-1.475,-1.7953500000000022
672,burst_recovery,0.0,8172,25.00000000000001,40.0,False,0.0,50,-147.5,-179.53500000000022,-1.475,-1.7953500000000022
673,burst_recovery,0.0,8173,25.00000000000001,40.0,False,0.0,50,-147.5,-179.53500000000022,-1.475,-1.7953500000000022
674,burst_recovery,0.0,8174,25.00000000000001,40.0,False,0.0,50,-147.5,-179.53500000000022,-1.475,-1.7953500000000022
675,burst_recovery,0.0,8175,25.00000000000001,40.0,False,0.0,50,-147.5,-179.53500000000022,-1.475,-1.7953500000000022
676,burst_recovery,0.0,8176,25.00000000000001,40.0,False,0.0,50,-147.5,-179.53500000000022,-1.475,-1.7953500000000022
677,burst_recovery,0.0,8177,25.00000000000001,40.0,False,0.0,50,-147.5,-179.53500000000022,-1.475,-1.7953500000000022
678,burst_recovery,0.0,8178,25.00000000000001,40.0,False,0.0,50,-147.5,-179.53500000000022,-1.475,-1.7953500000000022
679,burst_recovery,0.0,8179,25.00000000000001,40.0,False,0.0,50,-147.5,-179.53500000000022,-1.475,-1.7953500000000022
680,burst_recovery,0.0,8180,25.00000000000001,40.0,False,0.0,50,-147.5,-179.53500000000022,-1.475,-1.7953500000000022
681,burst_recovery,0.0,8181,25.00000000000001,40.0,False,0.0,50,-147.5,-179.53500000000022,-1.475,-1.7953500000000022
682,burst_recovery,0.0,8182,25.00000000000001,40.0,False,0.0,50,-147.5,-179.53500000000022,-1.475,-1.7953500000000022
683,burst_recovery,0.0,8183,25.00000000000001,40.0,False,0.0,50,-147.5,-179.53500000000022,-1.475,-1.7953500000000022
684,burst_recovery,0.0,8184,25.00000000000001,40.0,False,0.0,50,-147.5,-179.53500000000022,-1.475,-1.7953500000000022
685,burst_recovery,0.0,8185,25.00000000000001,40.0,False,0.0,50,-147.5,-179.53500000000022,-1.475,-1.7953500000000022
686,burst_recovery,0.0,8186,25.00000000000001,40.0,False,0.0,50,-147.5,-179.53500000000022,-1.475,-1.7953500000000022
687,burst_recovery,0.0,8187,25.00000000000001,40.0,False,0.0,50,-147.5,-179.53500000000022,-1.475,-1.7953500000000022
688,burst_recovery,0.0,8188,25.00000000000001,40.0,False,0.0,50,-147.5,-179.53500000000022,-1.475,-1.7953500000000022
689,burst_recovery,0.0,8189,25.00000000000001,40.0,False,0.0,50,-147.5,-179.53500000000022,-1.475,-1.7953500000000022
690,burst_recovery,0.0,8190,25.00000000000001,40.0,False,0.0,50,-147.5,-179.53500000000022,-1.475,-1.7953500000000022
691,burst_recovery,0.0,8191,25.00000000000001,40.0,False,0.0,50,-147.5,-179.53500000000022,-1.475,-1.7953500000000022
692,burst_recovery,0.0,8192,25.00000000000001,40.0,False,0.0,50,-147.5,-179.53500000000022,-1.475,-1.7953500000000022
693,burst_recovery,0.0,8193,25.00000000000001,40.0,False,0.0,50,-147.5,-179.53500000000022,-1.475,-1.7953500000000022
694,burst_recovery,0.0,8194,25.00000000000001,40.0,False,0.0,50,-147.5,-179.53500000000022,-1.475,-1.7953500000000022
695,burst_recovery,0.0,8195,25.00000000000001,40.0,False,0.0,50,-147.5,-179.53500000000022,-1.475,-1.7953500000000022
696,burst_recovery,0.0,8196,25.00000000000001,40.0,False,0.0,50,-147.5,-179.53500000000022,-1.475,-1.7953500000000022
697,burst_recovery,0.0,8197,25.00000000000001,40.0,False,0.0,50,-147.5,-179.53500000000022,-1.475,-1.7953500000000022
698,burst_recovery,0.0,8198,25.00000000000001,40.0,False,0.0,50,-147.5,-179.53500000000022,-1.475,-1.7953500000000022
699,burst_recovery,0.0,8199,25.00000000000001,40.0,False,0.0,50,-147.5,-179.53500000000022,-1.475,-1.7953500000000022
700,burst_recovery,0.0,8200,25.00000000000001,40.0,False,0.0,50,-147.5,-179.53500000000022,-1.475,-1.7953500000000022
701,burst_recovery,0.0,8201,25.00000000000001,40.0,False,0.0,50,-147.5,-179.53500000000022,-1.475,-1.7953500000000022
702,burst_recovery,0.0,8202,25.00000000000001,40.0,False,0.0,50,-147.5,-179.53500000000022,-1.475,-1.7953500000000022
703,burst_recovery,0.0,8203,25.00000000000001,40.0,False,0.0,50,-147.5,-179.53500000000022,-1.475,-1.7953500000000022
704,burst_recovery,0.0,8204,25.00000000000001,40.0,False,0.0,50,-147.5,-179.53500000000022,-1.475,-1.7953500000000022
705,burst_recovery,0.0,8205,25.00000000000001,40.0,False,0.0,50,-147.5,-179.53500000000022,-1.475,-1.7953500000000022
706,burst_recovery,0.0,8206,25.00000000000001,40.0,False,0.0,50,-147.5,-179.53500000000022,-1.475,-1.7953500000000022
707,burst_recovery,0.0,8207,25.00000000000001,40.0,False,0.0,50,-147.5,-179.53500000000022,-1.475,-1.7953500000000022
708,burst_recovery,0.0,8208,25.00000000000001,40.0,False,0.0,50,-147.5,-179.53500000000022,-1.475,-1.7953500000000022
709,burst_recovery,0.0,8209,25.00000000000001,40.0,False,0.0,50,-147.5,-179.53500000000022,-1.475,-1.7953500000000022
710,burst_recovery,0.0,8210,25.00000000000001,40.0,False,0.0,50,-147.5,-179.53500000000022,-1.475,-1.7953500000000022
711,burst_recovery,0.0,8211,25.00000000000001,40.0,False,0.0,50,-147.5,-179.53500000000022,-1.475,-1.7953500000000022
712,burst_recovery,0.0,8212,25.00000000000001,40.0,False,0.0,50,-147.5,-179.53500000000022,-1.475,-1.7953500000000022
713,burst_recovery,0.0,8213,25.00000000000001,40.0,False,0.0,50,-147.5,-179.53500000000022,-1.475,-1.7953500000000022
714,burst_recovery,0.0,8214,25.00000000000001,40.0,False,0.0,50,-147.5,-179.53500000000022,-1.475,-1.7953500000000022
715,burst_recovery,0.0,8215,25.00000000000001,40.0,False,0.0,50,-147.5,-179.53500000000022,-1.475,-1.7953500000000022
716,burst_recovery,0.0,8216,25.00000000000001,40.0,False,0.0,50,-147.5,-179.53500000000022,-1.475,-1.7953500000000022
717,burst_recovery,0.0,8217,25.00000000000001,40.0,False,0.0,50,-147.5,-179.53500000000022,-1.475,-1.7953500000000022
718,burst_recovery,0.0,8218,25.00000000000001,40.0,False,0.0,50,-147.5,-179.53500000000022,-1.475,-1.7953500000000022
719,burst_recovery,0.0,8219,25.00000000000001,40.0,False,0.0,50,-147.5,-179.53500000000022,-1.475,-1.7953500000000022
720,burst_recovery,0.0,8220,25.00000000000001,40.0,False,0.0,50,-147.5,-179.53500000000022,-1.475,-1.7953500000000022
721,burst_recovery,0.0,8221,25.00000000000001,40.0,False,0.0,50,-147.5,-179.53500000000022,-1.475,-1.7953500000000022
722,burst_recovery,0.0,8222,25.00000000000001,40.0,False,0.0,50,-147.5,-179.53500000000022,-1.475,-1.7953500000000022
723,burst_recovery,0.0,8223,25.00000000000001,40.0,False,0.0,50,-147.5,-179.53500000000022,-1.475,-1.7953500000000022
724,burst_recovery,0.0,8224,25.00000000000001,40.0,False,0.0,50,-147.5,-179.53500000000022,-1.475,-1.7953500000000022
725,burst_recovery,0.0,8225,25.00000000000001,40.0,False,0.0,50,-147.5,-179.53500000000022,-1.475,-1.7953500000000022
726,burst_recovery,0.0,8226,25.00000000000001,40.0,False,0.0,50,-147.5,-179.53500000000022,-1.475,-1.7953500000000022
727,burst_recovery,0.0,8227,25.00000000000001,40.0,False,0.0,50,-147.5,-179.53500000000022,-1.475,-1.7953500000000022
728,burst_recovery,0.0,8228,25.00000000000001,40.0,False,0.0,50,-147.5,-179.53500000000022,-1.475,-1.7953500000000022
729,burst_recovery,0.0,8229,25.00000000000001,40.0,False,0.0,50,-147.5,-179.53500000000022,-1.475,-1.7953500000000022
730,burst_recovery,0.0,8230,25.00000000000001,40.0,False,0.0,50,-147.5,-179.53500000000022,-1.475,-1.7953500000000022
731,burst_recovery,0.0,8231,25.00000000000001,40.0,False,0.0,50,-147.5,-179.53500000000022,-1.475,-1.7953500000000022
732,burst_recovery,0.0,8232,25.00000000000001,40.0,False,0.0,50,-147.5,-179.53500000000022,-1.475,-1.7953500000000022
733,burst_recovery,0.0,8233,25.00000000000001,40.0,False,0.0,50,-147.5,-179.53500000000022,-1.475,-1.7953500000000022
734,burst_recovery,0.0,8234,25.00000000000001,40.0,False,0.0,50,-147.5,-179.53500000000022,-1.475,-1.7953500000000022
735,burst_recovery,0.0,8235,25.00000000000001,40.0,False,0.0,50,-147.5,-179.53500000000022,-1.475,-1.7953500000000022
736,burst_recovery,0.0,8236,25.00000000000001,40.0,False,0.0,50,-147.5,-179.53500000000022,-1.475,-1.7953500000000022
737,burst_recovery,0.0,8237,25.00000000000001,40.0,False,0.0,50,-147.5,-179.53500000000022,-1.475,-1.7953500000000022
738,burst_recovery,0.0,8238,25.00000000000001,40.0,False,0.0,50,-147.5,-179.53500000000022,-1.475,-1.7953500000000022
739,burst_recovery,0.0,8239,25.00000000000001,40.0,False,0.0,50,-147.5,-179.53500000000022,-1.475,-1.7953500000000022
740,burst_recovery,0.0,8240,25.00000000000001,40.0,False,0.0,50,-147.5,-179.53500000000022,-1.475,-1.7953500000000022
741,burst_recovery,0.0,8241,25.00000000000001,40.0,False,0.0,50,-147.5,-179.53500000000022,-1.475,-1.7953500000000022
742,burst_recovery,0.0,8242,25.00000000000001,40.0,False,0.0,50,-147.5,-179.53500000000022,-1.475,-1.7953500000000022
743,burst_recovery,0.0,8243,25.00000000000001,40.0,False,0.0,50,-147.5,-179.53500000000022,-1.475,-1.7953500000000022
744,burst_recovery,0.0,8244,25.00000000000001,40.0,False,0.0,50,-147.5,-179.53500000000022,-1.475,-1.7953500000000022
745,burst_recovery,0.0,8245,25.00000000000001,40.0,False,0.0,50,-147.5,-179.53500000000022,-1.475,-1.7953500000000022
746,burst_recovery,0.0,8246,25.00000000000001,40.0,False,0.0,50,-147.5,-179.53500000000022,-1.475,-1.7953500000000022
747,burst_recovery,0.0,8247,25.00000000000001,40.0,False,0.0,50,-147.5,-179.53500000000022,-1.475,-1.7953500000000022
748,burst_recovery,0.0,8248,25.00000000000001,40.0,False,0.0,50,-147.5,-179.53500000000022,-1.475,-1.7953500000000022
749,burst_recovery,0.0,8249,25.00000000000001,40.0,False,0.0,50,-147.5,-179.53500000000022,-1.475,-1.7953500000000022
750,burst_recovery,0.0,8250,25.00000000000001,40.0,False,0.0,50,-147.5,-179.53500000000022,-1.475,-1.7953500000000022
751,burst_recovery,0.0,8251,25.00000000000001,40.0,False,0.0,50,-147.5,-179.53500000000022,-1.475,-1.7953500000000022
752,burst_recovery,0.0,8252,25.00000000000001,40.0,False,0.0,50,-147.5,-179.53500000000022,-1.475,-1.7953500000000022
753,burst_recovery,0.0,8253,25.00000000000001,40.0,False,0.0,50,-147.5,-179.53500000000022,-1.475,-1.7953500000000022
754,burst_recovery,0.0,8254,25.00000000000001,40.0,False,0.0,50,-147.5,-179.53500000000022,-1.475,-1.7953500000000022
755,burst_recovery,0.0,8255,25.00000000000001,40.0,False,0.0,50,-147.5,-179.53500000000022,-1.475,-1.7953500000000022
756,burst_recovery,0.0,8256,25.00000000000001,40.0,False,0.0,50,-147.5,-179.53500000000022,-1.475,-1.7953500000000022
757,burst_recovery,0.0,8257,25.00000000000001,40.0,False,0.0,50,-147.5,-179.53500000000022,-1.475,-1.7953500000000022
758,burst_recovery,0.0,8258,25.00000000000001,40.0,False,0.0,50,-147.5,-179.53500000000022,-1.475,-1.7953500000000022
759,burst_recovery,0.0,8259,25.00000000000001,40.0,False,0.0,50,-147.5,-179.53500000000022,-1.475,-1.7953500000000022
760,burst_recovery,0.0,8260,25.00000000000001,40.0,False,0.0,50,-147.5,-179.53500000000022,-1.475,-1.7953500000000022
761,burst_recovery,0.0,8261,25.00000000000001,40.0,False,0.0,50,-147.5,-179.53500000000022,-1.475,-1.7953500000000022
762,burst_recovery,0.0,8262,25.00000000000001,40.0,False,0.0,50,-147.5,-179.53500000000022,-1.475,-1.7953500000000022
763,burst_recovery,0.0,8263,25.00000000000001,40.0,False,0.0,50,-147.5,-179.53500000000022,-1.475,-1.7953500000000022
764,burst_recovery,0.0,8264,25.00000000000001,40.0,False,0.0,50,-147.5,-179.53500000000022,-1.475,-1.7953500000000022
765,burst_recovery,0.0,8265,25.00000000000001,40.0,False,0.0,50,-147.5,-179.53500000000022,-1.475,-1.7953500000000022
766,burst_recovery,0.0,8266,25.00000000000001,40.0,False,0.0,50,-147.5,-179.53500000000022,-1.475,-1.7953500000000022
767,burst_recovery,0.0,8267,25.00000000000001,40.0,False,0.0,50,-147.5,-179.53500000000022,-1.475,-1.7953500000000022
768,burst_recovery,0.0,8268,25.00000000000001,40.0,False,0.0,50,-147.5,-179.53500000000022,-1.475,-1.7953500000000022
769,burst_recovery,0.0,8269,25.00000000000001,40.0,False,0.0,50,-147.5,-179.53500000000022,-1.475,-1.7953500000000022
770,burst_recovery,0.0,8270,25.00000000000001,40.0,False,0.0,50,-147.5,-179.53500000000022,-1.475,-1.7953500000000022
771,burst_recovery,0.0,8271,25.00000000000001,40.0,False,0.0,50,-147.5,-179.53500000000022,-1.475,-1.7953500000000022
772,burst_recovery,0.0,8272,25.00000000000001,40.0,False,0.0,50,-147.5,-179.53500000000022,-1.475,-1.7953500000000022
773,burst_recovery,0.0,8273,25.00000000000001,40.0,False,0.0,50,-147.5,-179.53500000000022,-1.475,-1.7953500000000022
774,burst_recovery,0.0,8274,25.00000000000001,40.0,False,0.0,50,-147.5,-179.53500000000022,-1.475,-1.7953500000000022
775,burst_recovery,0.0,8275,25.00000000000001,40.0,False,0.0,50,-147.5,-179.53500000000022,-1.475,-1.7953500000000022
776,burst_recovery,0.0,8276,25.00000000000001,40.0,False,0.0,50,-147.5,-179.53500000000022,-1.475,-1.7953500000000022
777,burst_recovery,0.0,8277,25.00000000000001,40.0,False,0.0,50,-147.5,-179.53500000000022,-1.475,-1.7953500000000022
778,burst_recovery,0.0,8278,25.00000000000001,40.0,False,0.0,50,-147.5,-179.53500000000022,-1.475,-1.7953500000000022
779,burst_recovery,0.0,8279,25.00000000000001,40.0,False,0.0,50,-147.5,-179.53500000000022,-1.475,-1.7953500000000022
780,burst_recovery,0.0,8280,25.00000000000001,40.0,False,0.0,50,-147.5,-179.53500000000022,-1.475,-1.7953500000000022
781,burst_recovery,0.0,8281,25.00000000000001,40.0,False,0.0,50,-147.5,-179.53500000000022,-1.475,-1.7953500000000022
782,burst_recovery,0.0,8282,25.00000000000001,40.0,False,0.0,50,-147.5,-179.53500000000022,-1.475,-1.7953500000000022
783,burst_recovery,0.0,8283,25.00000000000001,40.0,False,0.0,50,-147.5,-179.53500000000022,-1.475,-1.7953500000000022
784,burst_recovery,0.0,8284,25.00000000000001,40.0,False,0.0,50,-147.5,-179.53500000000022,-1.475,-1.7953500000000022
785,burst_recovery,0.0,8285,25.00000000000001,40.0,False,0.0,50,-147.5,-179.53500000000022,-1.475,-1.7953500000000022
786,burst_recovery,0.0,8286,25.00000000000001,40.0,False,0.0,50,-147.5,-179.53500000000022,-1.475,-1.7953500000000022
787,burst_recovery,0.0,8287,25.00000000000001,40.0,False,0.0,50,-147.5,-179.53500000000022,-1.475,-1.7953500000000022
788,burst_recovery,0.0,8288,25.00000000000001,40.0,False,0.0,50,-147.5,-179.53500000000022,-1.475,-1.7953500000000022
789,burst_recovery,0.0,8289,25.00000000000001,40.0,False,0.0,50,-147.5,-179.53500000000022,-1.475,-1.7953500000000022
790,burst_recovery,0.0,8290,25.00000000000001,40.0,False,0.0,50,-147.5,-179.53500000000022,-1.475,-1.7953500000000022
791,burst_recovery,0.0,8291,25.00000000000001,40.0,False,0.0,50,-147.5,-179.53500000000022,-1.475,-1.7953500000000022
792,burst_recovery,0.0,8292,25.00000000000001,40.0,False,0.0,50,-147.5,-179.53500000000022,-1.475,-1.7953500000000022
793,burst_recovery,0.0,8293,25.00000000000001,40.0,False,0.0,50,-147.5,-179.53500000000022,-1.475,-1.7953500000000022
794,burst_recovery,0.0,8294,25.00000000000001,40.0,False,0.0,50,-147.5,-179.53500000000022,-1.475,-1.7953500000000022
795,burst_recovery,0.0,8295,25.00000000000001,40.0,False,0.0,50,-147.5,-179.53500000000022,-1.475,-1.7953500000000022
796,burst_recovery,0.0,8296,25.00000000000001,40.0,False,0.0,50,-147.5,-179.53500000000022,-1.475,-1.7953500000000022
797,burst_recovery,0.0,8297,25.00000000000001,40.0,False,0.0,50,-147.5,-179.53500000000022,-1.475,-1.7953500000000022
798,burst_recovery,0.0,8298,25.00000000000001,40.0,False,0.0,50,-147.5,-179.53500000000022,-1.475,-1.7953500000000022
799,burst_recovery,0.0,8299,25.00000000000001,40.0,False,0.0,50,-147.5,-179.53500000000022,-1.475,-1.7953500000000022
800,burst_recovery,0.0,8300,25.00000000000001,40.0,False,0.0,50,-147.5,-179.53500000000022,-1.475,-1.7953500000000022
801,greedy,0.0,8301,19.900000000000013,40.0,False,1.0,0,0.0,-65.4975000000001,0.0,-0.654975000000001
802,greedy,0.0,8302,19.900000000000013,40.0,False,1.0,0,0.0,-65.4975000000001,0.0,-0.654975000000001
803,greedy,0.0,8303,19.900000000000013,40.0,False,1.0,0,0.0,-65.4975000000001,0.0,-0.654975000000001
804,greedy,0.0,8304,19.900000000000013,40.0,False,1.0,0,0.0,-65.4975000000001,0.0,-0.654975000000001
805,greedy,0.0,8305,19.900000000000013,40.0,False,1.0,0,0.0,-65.4975000000001,0.0,-0.654975000000001
806,greedy,0.0,8306,19.900000000000013,40.0,False,1.0,0,0.0,-65.4975000000001,0.0,-0.654975000000001
807,greedy,0.0,8307,19.900000000000013,40.0,False,1.0,0,0.0,-65.4975000000001,0.0,-0.654975000000001
808,greedy,0.0,8308,19.900000000000013,40.0,False,1.0,0,0.0,-65.4975000000001,0.0,-0.654975000000001
809,greedy,0.0,8309,19.900000000000013,40.0,False,1.0,0,0.0,-65.4975000000001,0.0,-0.654975000000001
810,greedy,0.0,8310,19.900000000000013,40.0,False,1.0,0,0.0,-65.4975000000001,0.0,-0.654975000000001
811,greedy,0.0,8311,19.900000000000013,40.0,False,1.0,0,0.0,-65.4975000000001,0.0,-0.654975000000001
812,greedy,0.0,8312,19.900000000000013,40.0,False,1.0,0,0.0,-65.4975000000001,0.0,-0.654975000000001
813,greedy,0.0,8313,19.900000000000013,40.0,False,1.0,0,0.0,-65.4975000000001,0.0,-0.654975000000001
814,greedy,0.0,8314,19.900000000000013,40.0,False,1.0,0,0.0,-65.4975000000001,0.0,-0.654975000000001
815,greedy,0.0,8315,19.900000000000013,40.0,False,1.0,0,0.0,-65.4975000000001,0.0,-0.654975000000001
816,greedy,0.0,8316,19.900000000000013,40.0,False,1.0,0,0.0,-65.4975000000001,0.0,-0.654975000000001
817,greedy,0.0,8317,19.900000000000013,40.0,False,1.0,0,0.0,-65.4975000000001,0.0,-0.654975000000001
818,greedy,0.0,8318,19.900000000000013,40.0,False,1.0,0,0.0,-65.4975000000001,0.0,-0.654975000000001
819,greedy,0.0,8319,19.900000000000013,40.0,False,1.0,0,0.0,-65.4975000000001,0.0,-0.654975000000001
820,greedy,0.0,8320,19.900000000000013,40.0,False,1.0,0,0.0,-65.4975000000001,0.0,-0.654975000000001
821,greedy,0.0,8321,19.900000000000013,40.0,False,1.0,0,0.0,-65.4975000000001,0.0,-0.654975000000001
822,greedy,0.0,8322,19.900000000000013,40.0,False,1.0,0,0.0,-65.4975000000001,0.0,-0.654975000000001
823,greedy,0.0,8323,19.900000000000013,40.0,False,1.0,0,0.0,-65.4975000000001,0.0,-0.654975000000001
824,greedy,0.0,8324,19.900000000000013,40.0,False,1.0,0,0.0,-65.4975000000001,0.0,-0.654975000000001
825,greedy,0.0,8325,19.900000000000013,40.0,False,1.0,0,0.0,-65.4975000000001,0.0,-0.654975000000001
826,greedy,0.0,8326,19.900000000000013,40.0,False,1.0,0,0.0,-65.4975000000001,0.0,-0.654975000000001
827,greedy,0.0,8327,19.900000000000013,40.0,False,1.0,0,0.0,-65.4975000000001,0.0,-0.654975000000001
828,greedy,0.0,8328,19.900000000000013,40.0,False,1.0,0,0.0,-65.4975000000001,0.0,-0.654975000000001
829,greedy,0.0,8329,19.900000000000013,40.0,False,1.0,0,0.0,-65.4975000000001,0.0,-0.654975000000001
830,greedy,0.0,8330,19.900000000000013,40.0,False,1.0,0,0.0,-65.4975000000001,0.0,-0.654975000000001
831,greedy,0.0,8331,19.900000000000013,40.0,False,1.0,0,0.0,-65.4975000000001,0.0,-0.654975000000001
832,greedy,0.0,8332,19.900000000000013,40.0,False,1.0,0,0.0,-65.4975000000001,0.0,-0.654975000000001
833,greedy,0.0,8333,19.900000000000013,40.0,False,1.0,0,0.0,-65.4975000000001,0.0,-0.654975000000001
834,greedy,0.0,8334,19.900000000000013,40.0,False,1.0,0,0.0,-65.4975000000001,0.0,-0.654975000000001
835,greedy,0.0,8335,19.900000000000013,40.0,False,1.0,0,0.0,-65.4975000000001,0.0,-0.654975000000001
836,greedy,0.0,8336,19.900000000000013,40.0,False,1.0,0,0.0,-65.4975000000001,0.0,-0.654975000000001
837,greedy,0.0,8337,19.900000000000013,40.0,False,1.0,0,0.0,-65.4975000000001,0.0,-0.654975000000001
838,greedy,0.0,8338,19.900000000000013,40.0,False,1.0,0,0.0,-65.4975000000001,0.0,-0.654975000000001
839,greedy,0.0,8339,19.900000000000013,40.0,False,1.0,0,0.0,-65.4975000000001,0.0,-0.654975000000001
840,greedy,0.0,8340,19.900000000000013,40.0,False,1.0,0,0.0,-65.4975000000001,0.0,-0.654975000000001
841,greedy,0.0,8341,19.900000000000013,40.0,False,1.0,0,0.0,-65.4975000000001,0.0,-0.654975000000001
842,greedy,0.0,8342,19.900000000000013,40.0,False,1.0,0,0.0,-65.4975000000001,0.0,-0.654975000000001
843,greedy,0.0,8343,19.900000000000013,40.0,False,1.0,0,0.0,-65.4975000000001,0.0,-0.654975000000001
844,greedy,0.0,8344,19.900000000000013,40.0,False,1.0,0,0.0,-65.4975000000001,0.0,-0.654975000000001
845,greedy,0.0,8345,19.900000000000013,40.0,False,1.0,0,0.0,-65.4975000000001,0.0,-0.654975000000001
846,greedy,0.0,8346,19.900000000000013,40.0,False,1.0,0,0.0,-65.4975000000001,0.0,-0.654975000000001
847,greedy,0.0,8347,19.900000000000013,40.0,False,1.0,0,0.0,-65.4975000000001,0.0,-0.654975000000001
848,greedy,0.0,8348,19.900000000000013,40.0,False,1.0,0,0.0,-65.4975000000001,0.0,-0.654975000000001
849,greedy,0.0,8349,19.900000000000013,40.0,False,1.0,0,0.0,-65.4975000000001,0.0,-0.654975000000001
850,greedy,0.0,8350,19.900000000000013,40.0,False,1.0,0,0.0,-65.4975000000001,0.0,-0.654975000000001
851,greedy,0.0,8351,19.900000000000013,40.0,False,1.0,0,0.0,-65.4975000000001,0.0,-0.654975000000001
852,greedy,0.0,8352,19.900000000000013,40.0,False,1.0,0,0.0,-65.4975000000001,0.0,-0.654975000000001
853,greedy,0.0,8353,19.900000000000013,40.0,False,1.0,0,0.0,-65.4975000000001,0.0,-0.654975000000001
854,greedy,0.0,8354,19.900000000000013,40.0,False,1.0,0,0.0,-65.4975000000001,0.0,-0.654975000000001
855,greedy,0.0,8355,19.900000000000013,40.0,False,1.0,0,0.0,-65.4975000000001,0.0,-0.654975000000001
856,greedy,0.0,8356,19.900000000000013,40.0,False,1.0,0,0.0,-65.4975000000001,0.0,-0.654975000000001
857,greedy,0.0,8357,19.900000000000013,40.0,False,1.0,0,0.0,-65.4975000000001,0.0,-0.654975000000001
858,greedy,0.0,8358,19.900000000000013,40.0,False,1.0,0,0.0,-65.4975000000001,0.0,-0.654975000000001
859,greedy,0.0,8359,19.900000000000013,40.0,False,1.0,0,0.0,-65.4975000000001,0.0,-0.654975000000001
860,greedy,0.0,8360,19.900000000000013,40.0,False,1.0,0,0.0,-65.4975000000001,0.0,-0.654975000000001
861,greedy,0.0,8361,19.900000000000013,40.0,False,1.0,0,0.0,-65.4975000000001,0.0,-0.654975000000001
862,greedy,0.0,8362,19.900000000000013,40.0,False,1.0,0,0.0,-65.4975000000001,0.0,-0.654975000000001
863,greedy,0.0,8363,19.900000000000013,40.0,False,1.0,0,0.0,-65.4975000000001,0.0,-0.654975000000001
864,greedy,0.0,8364,19.900000000000013,40.0,False,1.0,0,0.0,-65.4975000000001,0.0,-0.654975000000001
865,greedy,0.0,8365,19.900000000000013,40.0,False,1.0,0,0.0,-65.4975000000001,0.0,-0.654975000000001
866,greedy,0.0,8366,19.900000000000013,40.0,False,1.0,0,0.0,-65.4975000000001,0.0,-0.654975000000001
867,greedy,0.0,8367,19.900000000000013,40.0,False,1.0,0,0.0,-65.4975000000001,0.0,-0.654975000000001
868,greedy,0.0,8368,19.900000000000013,40.0,False,1.0,0,0.0,-65.4975000000001,0.0,-0.654975000000001
869,greedy,0.0,8369,19.900000000000013,40.0,False,1.0,0,0.0,-65.4975000000001,0.0,-0.654975000000001
870,greedy,0.0,8370,19.900000000000013,40.0,False,1.0,0,0.0,-65.4975000000001,0.0,-0.654975000000001
871,greedy,0.0,8371,19.900000000000013,40.0,False,1.0,0,0.0,-65.4975000000001,0.0,-0.654975000000001
872,greedy,0.0,8372,19.900000000000013,40.0,False,1.0,0,0.0,-65.4975000000001,0.0,-0.654975000000001
873,greedy,0.0,8373,19.900000000000013,40.0,False,1.0,0,0.0,-65.4975000000001,0.0,-0.654975000000001
874,greedy,0.0,8374,19.900000000000013,40.0,False,1.0,0,0.0,-65.4975000000001,0.0,-0.654975000000001
875,greedy,0.0,8375,19.900000000000013,40.0,False,1.0,0,0.0,-65.4975000000001,0.0,-0.654975000000001
876,greedy,0.0,8376,19.900000000000013,40.0,False,1.0,0,0.0,-65.4975000000001,0.0,-0.654975000000001
877,greedy,0.0,8377,19.900000000000013,40.0,False,1.0,0,0.0,-65.4975000000001,0.0,-0.654975000000001
878,greedy,0.0,8378,19.900000000000013,40.0,False,1.0,0,0.0,-65.4975000000001,0.0,-0.654975000000001
879,greedy,0.0,8379,19.900000000000013,40.0,False,1.0,0,0.0,-65.4975000000001,0.0,-0.654975000000001
880,greedy,0.0,8380,19.900000000000013,40.0,False,1.0,0,0.0,-65.4975000000001,0.0,-0.654975000000001
881,greedy,0.0,8381,19.900000000000013,40.0,False,1.0,0,0.0,-65.4975000000001,0.0,-0.654975000000001
882,greedy,0.0,8382,19.900000000000013,40.0,False,1.0,0,0.0,-65.4975000000001,0.0,-0.654975000000001
883,greedy,0.0,8383,19.900000000000013,40.0,False,1.0,0,0.0,-65.4975000000001,0.0,-0.654975000000001
884,greedy,0.0,8384,19.900000000000013,40.0,False,1.0,0,0.0,-65.4975000000001,0.0,-0.654975000000001
885,greedy,0.0,8385,19.900000000000013,40.0,False,1.0,0,0.0,-65.4975000000001,0.0,-0.654975000000001
886,greedy,0.0,8386,19.900000000000013,40.0,False,1.0,0,0.0,-65.4975000000001,0.0,-0.654975000000001
887,greedy,0.0,8387,19.900000000000013,40.0,False,1.0,0,0.0,-65.4975000000001,0.0,-0.654975000000001
888,greedy,0.0,8388,19.900000000000013,40.0,False,1.0,0,0.0,-65.4975000000001,0.0,-0.654975000000001
889,greedy,0.0,8389,19.900000000000013,40.0,False,1.0,0,0.0,-65.4975000000001,0.0,-0.654975000000001
890,greedy,0.0,8390,19.900000000000013,40.0,False,1.0,0,0.0,-65.4975000000001,0.0,-0.654975000000001
891,greedy,0.0,8391,19.900000000000013,40.0,False,1.0,0,0.0,-65.4975000000001,0.0,-0.654975000000001
892,greedy,0.0,8392,19.900000000000013,40.0,False,1.0,0,0.0,-65.4975000000001,0.0,-0.654975000000001
893,greedy,0.0,8393,19.900000000000013,40.0,False,1.0,0,0.0,-65.4975000000001,0.0,-0.654975000000001
894,greedy,0.0,8394,19.900000000000013,40.0,False,1.0,0,0.0,-65.4975000000001,0.0,-0.654975000000001
895,greedy,0.0,8395,19.900000000000013,40.0,False,1.0,0,0.0,-65.4975000000001,0.0,-0.654975000000001
896,greedy,0.0,8396,19.900000000000013,40.0,False,1.0,0,0.0,-65.4975000000001,0.0,-0.654975000000001
897,greedy,0.0,8397,19.900000000000013,40.0,False,1.0,0,0.0,-65.4975000000001,0.0,-0.654975000000001
898,greedy,0.0,8398,19.900000000000013,40.0,False,1.0,0,0.0,-65.4975000000001,0.0,-0.654975000000001
899,greedy,0.0,8399,19.900000000000013,40.0,False,1.0,0,0.0,-65.4975000000001,0.0,-0.654975000000001
900,greedy,0.0,8400,19.900000000000013,40.0,False,1.0,0,0.0,-65.4975000000001,0.0,-0.654975000000001
901,greedy,0.0,8401,19.900000000000013,40.0,False,1.0,0,0.0,-65.4975000000001,0.0,-0.654975000000001
902,greedy,0.0,8402,19.900000000000013,40.0,False,1.0,0,0.0,-65.4975000000001,0.0,-0.654975000000001
903,greedy,0.0,8403,19.900000000000013,40.0,False,1.0,0,0.0,-65.4975000000001,0.0,-0.654975000000001
904,greedy,0.0,8404,19.900000000000013,40.0,False,1.0,0,0.0,-65.4975000000001,0.0,-0.654975000000001
905,greedy,0.0,8405,19.900000000000013,40.0,False,1.0,0,0.0,-65.4975000000001,0.0,-0.654975000000001
906,greedy,0.0,8406,19.900000000000013,40.0,False,1.0,0,0.0,-65.4975000000001,0.0,-0.654975000000001
907,greedy,0.0,8407,19.900000000000013,40.0,False,1.0,0,0.0,-65.4975000000001,0.0,-0.654975000000001
908,greedy,0.0,8408,19.900000000000013,40.0,False,1.0,0,0.0,-65.4975000000001,0.0,-0.654975000000001
909,greedy,0.0,8409,19.900000000000013,40.0,False,1.0,0,0.0,-65.4975000000001,0.0,-0.654975000000001
910,greedy,0.0,8410,19.900000000000013,40.0,False,1.0,0,0.0,-65.4975000000001,0.0,-0.654975000000001
911,greedy,0.0,8411,19.900000000000013,40.0,False,1.0,0,0.0,-65.4975000000001,0.0,-0.654975000000001
912,greedy,0.0,8412,19.900000000000013,40.0,False,1.0,0,0.0,-65.4975000000001,0.0,-0.654975000000001
913,greedy,0.0,8413,19.900000000000013,40.0,False,1.0,0,0.0,-65.4975000000001,0.0,-0.654975000000001
914,greedy,0.0,8414,19.900000000000013,40.0,False,1.0,0,0.0,-65.4975000000001,0.0,-0.654975000000001
915,greedy,0.0,8415,19.900000000000013,40.0,False,1.0,0,0.0,-65.4975000000001,0.0,-0.654975000000001
916,greedy,0.0,8416,19.900000000000013,40.0,False,1.0,0,0.0,-65.4975000000001,0.0,-0.654975000000001
917,greedy,0.0,8417,19.900000000000013,40.0,False,1.0,0,0.0,-65.4975000000001,0.0,-0.654975000000001
918,greedy,0.0,8418,19.900000000000013,40.0,False,1.0,0,0.0,-65.4975000000001,0.0,-0.654975000000001
919,greedy,0.0,8419,19.900000000000013,40.0,False,1.0,0,0.0,-65.4975000000001,0.0,-0.654975000000001
920,greedy,0.0,8420,19.900000000000013,40.0,False,1.0,0,0.0,-65.4975000000001,0.0,-0.654975000000001
921,greedy,0.0,8421,19.900000000000013,40.0,False,1.0,0,0.0,-65.4975000000001,0.0,-0.654975000000001
922,greedy,0.0,8422,19.900000000000013,40.0,False,1.0,0,0.0,-65.4975000000001,0.0,-0.654975000000001
923,greedy,0.0,8423,19.900000000000013,40.0,False,1.0,0,0.0,-65.4975000000001,0.0,-0.654975000000001
924,greedy,0.0,8424,19.900000000000013,40.0,False,1.0,0,0.0,-65.4975000000001,0.0,-0.654975000000001
925,greedy,0.0,8425,19.900000000000013,40.0,False,1.0,0,0.0,-65.4975000000001,0.0,-0.654975000000001
926,greedy,0.0,8426,19.900000000000013,40.0,False,1.0,0,0.0,-65.4975000000001,0.0,-0.654975000000001
927,greedy,0.0,8427,19.900000000000013,40.0,False,1.0,0,0.0,-65.4975000000001,0.0,-0.654975000000001
928,greedy,0.0,8428,19.900000000000013,40.0,False,1.0,0,0.0,-65.4975000000001,0.0,-0.654975000000001
929,greedy,0.0,8429,19.900000000000013,40.0,False,1.0,0,0.0,-65.4975000000001,0.0,-0.654975000000001
930,greedy,0.0,8430,19.900000000000013,40.0,False,1.0,0,0.0,-65.4975000000001,0.0,-0.654975000000001
931,greedy,0.0,8431,19.900000000000013,40.0,False,1.0,0,0.0,-65.4975000000001,0.0,-0.654975000000001
932,greedy,0.0,8432,19.900000000000013,40.0,False,1.0,0,0.0,-65.4975000000001,0.0,-0.654975000000001
933,greedy,0.0,8433,19.900000000000013,40.0,False,1.0,0,0.0,-65.4975000000001,0.0,-0.654975000000001
934,greedy,0.0,8434,19.900000000000013,40.0,False,1.0,0,0.0,-65.4975000000001,0.0,-0.654975000000001
935,greedy,0.0,8435,19.900000000000013,40.0,False,1.0,0,0.0,-65.4975000000001,0.0,-0.654975000000001
936,greedy,0.0,8436,19.900000000000013,40.0,False,1.0,0,0.0,-65.4975000000001,0.0,-0.654975000000001
937,greedy,0.0,8437,19.900000000000013,40.0,False,1.0,0,0.0,-65.4975000000001,0.0,-0.654975000000001
938,greedy,0.0,8438,19.900000000000013,40.0,False,1.0,0,0.0,-65.4975000000001,0.0,-0.654975000000001
939,greedy,0.0,8439,19.900000000000013,40.0,False,1.0,0,0.0,-65.4975000000001,0.0,-0.654975000000001
940,greedy,0.0,8440,19.900000000000013,40.0,False,1.0,0,0.0,-65.4975000000001,0.0,-0.654975000000001
941,greedy,0.0,8441,19.900000000000013,40.0,False,1.0,0,0.0,-65.4975000000001,0.0,-0.654975000000001
942,greedy,0.0,8442,19.900000000000013,40.0,False,1.0,0,0.0,-65.4975000000001,0.0,-0.654975000000001
943,greedy,0.0,8443,19.900000000000013,40.0,False,1.0,0,0.0,-65.4975000000001,0.0,-0.654975000000001
944,greedy,0.0,8444,19.900000000000013,40.0,False,1.0,0,0.0,-65.4975000000001,0.0,-0.654975000000001
945,greedy,0.0,8445,19.900000000000013,40.0,False,1.0,0,0.0,-65.4975000000001,0.0,-0.654975000000001
946,greedy,0.0,8446,19.900000000000013,40.0,False,1.0,0,0.0,-65.4975000000001,0.0,-0.654975000000001
947,greedy,0.0,8447,19.900000000000013,40.0,False,1.0,0,0.0,-65.4975000000001,0.0,-0.654975000000001
948,greedy,0.0,8448,19.900000000000013,40.0,False,1.0,0,0.0,-65.4975000000001,0.0,-0.654975000000001
949,greedy,0.0,8449,19.900000000000013,40.0,False,1.0,0,0.0,-65.4975000000001,0.0,-0.654975000000001
950,greedy,0.0,8450,19.900000000000013,40.0,False,1.0,0,0.0,-65.4975000000001,0.0,-0.654975000000001
951,greedy,0.0,8451,19.900000000000013,40.0,False,1.0,0,0.0,-65.4975000000001,0.0,-0.654975000000001
952,greedy,0.0,8452,19.900000000000013,40.0,False,1.0,0,0.0,-65.4975000000001,0.0,-0.654975000000001
953,greedy,0.0,8453,19.900000000000013,40.0,False,1.0,0,0.0,-65.4975000000001,0.0,-0.654975000000001
954,greedy,0.0,8454,19.900000000000013,40.0,False,1.0,0,0.0,-65.4975000000001,0.0,-0.654975000000001
955,greedy,0.0,8455,19.900000000000013,40.0,False,1.0,0,0.0,-65.4975000000001,0.0,-0.654975000000001
956,greedy,0.0,8456,19.900000000000013,40.0,False,1.0,0,0.0,-65.4975000000001,0.0,-0.654975000000001
957,greedy,0.0,8457,19.900000000000013,40.0,False,1.0,0,0.0,-65.4975000000001,0.0,-0.654975000000001
958,greedy,0.0,8458,19.900000000000013,40.0,False,1.0,0,0.0,-65.4975000000001,0.0,-0.654975000000001
959,greedy,0.0,8459,19.900000000000013,40.0,False,1.0,0,0.0,-65.4975000000001,0.0,-0.654975000000001
960,greedy,0.0,8460,19.900000000000013,40.0,False,1.0,0,0.0,-65.4975000000001,0.0,-0.654975000000001
961,greedy,0.0,8461,19.900000000000013,40.0,False,1.0,0,0.0,-65.4975000000001,0.0,-0.654975000000001
962,greedy,0.0,8462,19.900000000000013,40.0,False,1.0,0,0.0,-65.4975000000001,0.0,-0.654975000000001
963,greedy,0.0,8463,19.900000000000013,40.0,False,1.0,0,0.0,-65.4975000000001,0.0,-0.654975000000001
964,greedy,0.0,8464,19.900000000000013,40.0,False,1.0,0,0.0,-65.4975000000001,0.0,-0.654975000000001
965,greedy,0.0,8465,19.900000000000013,40.0,False,1.0,0,0.0,-65.4975000000001,0.0,-0.654975000000001
966,greedy,0.0,8466,19.900000000000013,40.0,False,1.0,0,0.0,-65.4975000000001,0.0,-0.654975000000001
967,greedy,0.0,8467,19.900000000000013,40.0,False,1.0,0,0.0,-65.4975000000001,0.0,-0.654975000000001
968,greedy,0.0,8468,19.900000000000013,40.0,False,1.0,0,0.0,-65.4975000000001,0.0,-0.654975000000001
969,greedy,0.0,8469,19.900000000000013,40.0,False,1.0,0,0.0,-65.4975000000001,0.0,-0.654975000000001
970,greedy,0.0,8470,19.900000000000013,40.0,False,1.0,0,0.0,-65.4975000000001,0.0,-0.654975000000001
971,greedy,0.0,8471,19.900000000000013,40.0,False,1.0,0,0.0,-65.4975000000001,0.0,-0.654975000000001
972,greedy,0.0,8472,19.900000000000013,40.0,False,1.0,0,0.0,-65.4975000000001,0.0,-0.654975000000001
973,greedy,0.0,8473,19.900000000000013,40.0,False,1.0,0,0.0,-65.4975000000001,0.0,-0.654975000000001
974,greedy,0.0,8474,19.900000000000013,40.0,False,1.0,0,0.0,-65.4975000000001,0.0,-0.654975000000001
975,greedy,0.0,8475,19.900000000000013,40.0,False,1.0,0,0.0,-65.4975000000001,0.0,-0.654975000000001
976,greedy,0.0,8476,19.900000000000013,40.0,False,1.0,0,0.0,-65.4975000000001,0.0,-0.654975000000001
977,greedy,0.0,8477,19.900000000000013,40.0,False,1.0,0,0.0,-65.4975000000001,0.0,-0.654975000000001
978,greedy,0.0,8478,19.900000000000013,40.0,False,1.0,0,0.0,-65.4975000000001,0.0,-0.654975000000001
979,greedy,0.0,8479,19.900000000000013,40.0,False,1.0,0,0.0,-65.4975000000001,0.0,-0.654975000000001
980,greedy,0.0,8480,19.900000000000013,40.0,False,1.0,0,0.0,-65.4975000000001,0.0,-0.654975000000001
981,greedy,0.0,8481,19.900000000000013,40.0,False,1.0,0,0.0,-65.4975000000001,0.0,-0.654975000000001
982,greedy,0.0,8482,19.900000000000013,40.0,False,1.0,0,0.0,-65.4975000000001,0.0,-0.654975000000001
983,greedy,0.0,8483,19.900000000000013,40.0,False,1.0,0,0.0,-65.4975000000001,0.0,-0.654975000000001
984,greedy,0.0,8484,19.900000000000013,40.0,False,1.0,0,0.0,-65.4975000000001,0.0,-0.654975000000001
985,greedy,0.0,8485,19.900000000000013,40.0,False,1.0,0,0.0,-65.4975000000001,0.0,-0.654975000000001
986,greedy,0.0,8486,19.900000000000013,40.0,False,1.0,0,0.0,-65.4975000000001,0.0,-0.654975000000001
987,greedy,0.0,8487,19.900000000000013,40.0,False,1.0,0,0.0,-65.4975000000001,0.0,-0.654975000000001
988,greedy,0.0,8488,19.900000000000013,40.0,False,1.0,0,0.0,-65.4975000000001,0.0,-0.654975000000001
989,greedy,0.0,8489,19.900000000000013,40.0,False,1.0,0,0.0,-65.4975000000001,0.0,-0.654975000000001
990,greedy,0.0,8490,19.900000000000013,40.0,False,1.0,0,0.0,-65.4975000000001,0.0,-0.654975000000001
991,greedy,0.0,8491,19.900000000000013,40.0,False,1.0,0,0.0,-65.4975000000001,0.0,-0.654975000000001
992,greedy,0.0,8492,19.900000000000013,40.0,False,1.0,0,0.0,-65.4975000000001,0.0,-0.654975000000001
993,greedy,0.0,8493,19.900000000000013,40.0,False,1.0,0,0.0,-65.4975000000001,0.0,-0.654975000000001
994,greedy,0.0,8494,19.900000000000013,40.0,False,1.0,0,0.0,-65.4975000000001,0.0,-0.654975000000001
995,greedy,0.0,8495,19.900000000000013,40.0,False,1.0,0,0.0,-65.4975000000001,0.0,-0.654975000000001
996,greedy,0.0,8496,19.900000000000013,40.0,False,1.0,0,0.0,-65.4975000000001,0.0,-0.654975000000001
997,greedy,0.0,8497,19.900000000000013,40.0,False,1.0,0,0.0,-65.4975000000001,0.0,-0.654975000000001
998,greedy,0.0,8498,19.900000000000013,40.0,False,1.0,0,0.0,-65.4975000000001,0.0,-0.654975000000001
999,greedy,0.0,8499,19.900000000000013,40.0,False,1.0,0,0.0,-65.4975000000001,0.0,-0.654975000000001
1000,greedy,0.0,8500,19.900000000000013,40.0,False,1.0,0,0.0,-65.4975000000001,0.0,-0.654975000000001
1001,inflator,0.0,8501,25.00000000000001,40.0,False,0.0,95,-237.5,-179.26100000000022,-2.375,-1.7926100000000023
1002,inflator,0.0,8502,25.00000000000001,40.0,False,0.0,95,-237.5,-179.26100000000022,-2.375,-1.7926100000000023
1003,inflator,0.0,8503,25.00000000000001,40.0,False,0.0,95,-237.5,-179.26100000000022,-2.375,-1.7926100000000023
1004,inflator,0.0,8504,25.00000000000001,40.0,False,0.0,95,-237.5,-179.26100000000022,-2.375,-1.7926100000000023
1005,inflator,0.0,8505,25.00000000000001,40.0,False,0.0,95,-237.5,-179.26100000000022,-2.375,-1.7926100000000023
1006,inflator,0.0,8506,25.00000000000001,40.0,False,0.0,95,-237.5,-179.26100000000022,-2.375,-1.7926100000000023
1007,inflator,0.0,8507,25.00000000000001,40.0,False,0.0,95,-237.5,-179.26100000000022,-2.375,-1.7926100000000023
1008,inflator,0.0,8508,25.00000000000001,40.0,False,0.0,95,-237.5,-179.26100000000022,-2.375,-1.7926100000000023
1009,inflator,0.0,8509,25.00000000000001,40.0,False,0.0,95,-237.5,-179.26100000000022,-2.375,-1.7926100000000023
1010,inflator,0.0,8510,25.00000000000001,40.0,False,0.0,95,-237.5,-179.26100000000022,-2.375,-1.7926100000000023
1011,inflator,0.0,8511,25.00000000000001,40.0,False,0.0,95,-237.5,-179.26100000000022,-2.375,-1.7926100000000023
1012,inflator,0.0,8512,25.00000000000001,40.0,False,0.0,95,-237.5,-179.26100000000022,-2.375,-1.7926100000000023
1013,inflator,0.0,8513,25.00000000000001,40.0,False,0.0,95,-237.5,-179.26100000000022,-2.375,-1.7926100000000023
1014,inflator,0.0,8514,25.00000000000001,40.0,False,0.0,95,-237.5,-179.26100000000022,-2.375,-1.7926100000000023
1015,inflator,0.0,8515,25.00000000000001,40.0,False,0.0,95,-237.5,-179.26100000000022,-2.375,-1.7926100000000023
1016,inflator,0.0,8516,25.00000000000001,40.0,False,0.0,95,-237.5,-179.26100000000022,-2.375,-1.7926100000000023
1017,inflator,0.0,8517,25.00000000000001,40.0,False,0.0,95,-237.5,-179.26100000000022,-2.375,-1.7926100000000023
1018,inflator,0.0,8518,25.00000000000001,40.0,False,0.0,95,-237.5,-179.26100000000022,-2.375,-1.7926100000000023
1019,inflator,0.0,8519,25.00000000000001,40.0,False,0.0,95,-237.5,-179.26100000000022,-2.375,-1.7926100000000023
1020,inflator,0.0,8520,25.00000000000001,40.0,False,0.0,95,-237.5,-179.26100000000022,-2.375,-1.7926100000000023
1021,inflator,0.0,8521,25.00000000000001,40.0,False,0.0,95,-237.5,-179.26100000000022,-2.375,-1.7926100000000023
1022,inflator,0.0,8522,25.00000000000001,40.0,False,0.0,95,-237.5,-179.26100000000022,-2.375,-1.7926100000000023
1023,inflator,0.0,8523,25.00000000000001,40.0,False,0.0,95,-237.5,-179.26100000000022,-2.375,-1.7926100000000023
1024,inflator,0.0,8524,25.00000000000001,40.0,False,0.0,95,-237.5,-179.26100000000022,-2.375,-1.7926100000000023
1025,inflator,0.0,8525,25.00000000000001,40.0,False,0.0,95,-237.5,-179.26100000000022,-2.375,-1.7926100000000023
1026,inflator,0.0,8526,25.00000000000001,40.0,False,0.0,95,-237.5,-179.26100000000022,-2.375,-1.7926100000000023
1027,inflator,0.0,8527,25.00000000000001,40.0,False,0.0,95,-237.5,-179.26100000000022,-2.375,-1.7926100000000023
1028,inflator,0.0,8528,25.00000000000001,40.0,False,0.0,95,-237.5,-179.26100000000022,-2.375,-1.7926100000000023
1029,inflator,0.0,8529,25.00000000000001,40.0,False,0.0,95,-237.5,-179.26100000000022,-2.375,-1.7926100000000023
1030,inflator,0.0,8530,25.00000000000001,40.0,False,0.0,95,-237.5,-179.26100000000022,-2.375,-1.7926100000000023
1031,inflator,0.0,8531,25.00000000000001,40.0,False,0.0,95,-237.5,-179.26100000000022,-2.375,-1.7926100000000023
1032,inflator,0.0,8532,25.00000000000001,40.0,False,0.0,95,-237.5,-179.26100000000022,-2.375,-1.7926100000000023
1033,inflator,0.0,8533,25.00000000000001,40.0,False,0.0,95,-237.5,-179.26100000000022,-2.375,-1.7926100000000023
1034,inflator,0.0,8534,25.00000000000001,40.0,False,0.0,95,-237.5,-179.26100000000022,-2.375,-1.7926100000000023
1035,inflator,0.0,8535,25.00000000000001,40.0,False,0.0,95,-237.5,-179.26100000000022,-2.375,-1.7926100000000023
1036,inflator,0.0,8536,25.00000000000001,40.0,False,0.0,95,-237.5,-179.26100000000022,-2.375,-1.7926100000000023
1037,inflator,0.0,8537,25.00000000000001,40.0,False,0.0,95,-237.5,-179.26100000000022,-2.375,-1.7926100000000023
1038,inflator,0.0,8538,25.00000000000001,40.0,False,0.0,95,-237.5,-179.26100000000022,-2.375,-1.7926100000000023
1039,inflator,0.0,8539,25.00000000000001,40.0,False,0.0,95,-237.5,-179.26100000000022,-2.375,-1.7926100000000023
1040,inflator,0.0,8540,25.00000000000001,40.0,False,0.0,95,-237.5,-179.26100000000022,-2.375,-1.7926100000000023
1041,inflator,0.0,8541,25.00000000000001,40.0,False,0.0,95,-237.5,-179.26100000000022,-2.375,-1.7926100000000023
1042,inflator,0.0,8542,25.00000000000001,40.0,False,0.0,95,-237.5,-179.26100000000022,-2.375,-1.7926100000000023
1043,inflator,0.0,8543,25.00000000000001,40.0,False,0.0,95,-237.5,-179.26100000000022,-2.375,-1.7926100000000023
1044,inflator,0.0,8544,25.00000000000001,40.0,False,0.0,95,-237.5,-179.26100000000022,-2.375,-1.7926100000000023
1045,inflator,0.0,8545,25.00000000000001,40.0,False,0.0,95,-237.5,-179.26100000000022,-2.375,-1.7926100000000023
1046,inflator,0.0,8546,25.00000000000001,40.0,False,0.0,95,-237.5,-179.26100000000022,-2.375,-1.7926100000000023
1047,inflator,0.0,8547,25.00000000000001,40.0,False,0.0,95,-237.5,-179.26100000000022,-2.375,-1.7926100000000023
1048,inflator,0.0,8548,25.00000000000001,40.0,False,0.0,95,-237.5,-179.26100000000022,-2.375,-1.7926100000000023
1049,inflator,0.0,8549,25.00000000000001,40.0,False,0.0,95,-237.5,-179.26100000000022,-2.375,-1.7926100000000023
1050,inflator,0.0,8550,25.00000000000001,40.0,False,0.0,95,-237.5,-179.26100000000022,-2.375,-1.7926100000000023
1051,inflator,0.0,8551,25.00000000000001,40.0,False,0.0,95,-237.5,-179.26100000000022,-2.375,-1.7926100000000023
1052,inflator,0.0,8552,25.00000000000001,40.0,False,0.0,95,-237.5,-179.26100000000022,-2.375,-1.7926100000000023
1053,inflator,0.0,8553,25.00000000000001,40.0,False,0.0,95,-237.5,-179.26100000000022,-2.375,-1.7926100000000023
1054,inflator,0.0,8554,25.00000000000001,40.0,False,0.0,95,-237.5,-179.26100000000022,-2.375,-1.7926100000000023
1055,inflator,0.0,8555,25.00000000000001,40.0,False,0.0,95,-237.5,-179.26100000000022,-2.375,-1.7926100000000023
1056,inflator,0.0,8556,25.00000000000001,40.0,False,0.0,95,-237.5,-179.26100000000022,-2.375,-1.7926100000000023
1057,inflator,0.0,8557,25.00000000000001,40.0,False,0.0,95,-237.5,-179.26100000000022,-2.375,-1.7926100000000023
1058,inflator,0.0,8558,25.00000000000001,40.0,False,0.0,95,-237.5,-179.26100000000022,-2.375,-1.7926100000000023
1059,inflator,0.0,8559,25.00000000000001,40.0,False,0.0,95,-237.5,-179.26100000000022,-2.375,-1.7926100000000023
1060,inflator,0.0,8560,25.00000000000001,40.0,False,0.0,95,-237.5,-179.26100000000022,-2.375,-1.7926100000000023
1061,inflator,0.0,8561,25.00000000000001,40.0,False,0.0,95,-237.5,-179.26100000000022,-2.375,-1.7926100000000023
1062,inflator,0.0,8562,25.00000000000001,40.0,False,0.0,95,-237.5,-179.26100000000022,-2.375,-1.7926100000000023
1063,inflator,0.0,8563,25.00000000000001,40.0,False,0.0,95,-237.5,-179.26100000000022,-2.375,-1.7926100000000023
1064,inflator,0.0,8564,25.00000000000001,40.0,False,0.0,95,-237.5,-179.26100000000022,-2.375,-1.7926100000000023
1065,inflator,0.0,8565,25.00000000000001,40.0,False,0.0,95,-237.5,-179.26100000000022,-2.375,-1.7926100000000023
1066,inflator,0.0,8566,25.00000000000001,40.0,False,0.0,95,-237.5,-179.26100000000022,-2.375,-1.7926100000000023
1067,inflator,0.0,8567,25.00000000000001,40.0,False,0.0,95,-237.5,-179.26100000000022,-2.375,-1.7926100000000023
1068,inflator,0.0,8568,25.00000000000001,40.0,False,0.0,95,-237.5,-179.26100000000022,-2.375,-1.7926100000000023
1069,inflator,0.0,8569,25.00000000000001,40.0,False,0.0,95,-237.5,-179.26100000000022,-2.375,-1.7926100000000023
1070,inflator,0.0,8570,25.00000000000001,40.0,False,0.0,95,-237.5,-179.26100000000022,-2.375,-1.7926100000000023
1071,inflator,0.0,8571,25.00000000000001,40.0,False,0.0,95,-237.5,-179.26100000000022,-2.375,-1.7926100000000023
1072,inflator,0.0,8572,25.00000000000001,40.0,False,0.0,95,-237.5,-179.26100000000022,-2.375,-1.7926100000000023
1073,inflator,0.0,8573,25.00000000000001,40.0,False,0.0,95,-237.5,-179.26100000000022,-2.375,-1.7926100000000023
1074,inflator,0.0,8574,25.00000000000001,40.0,False,0.0,95,-237.5,-179.26100000000022,-2.375,-1.7926100000000023
1075,inflator,0.0,8575,25.00000000000001,40.0,False,0.0,95,-237.5,-179.26100000000022,-2.375,-1.7926100000000023
1076,inflator,0.0,8576,25.00000000000001,40.0,False,0.0,95,-237.5,-179.26100000000022,-2.375,-1.7926100000000023
1077,inflator,0.0,8577,25.00000000000001,40.0,False,0.0,95,-237.5,-179.26100000000022,-2.375,-1.7926100000000023
1078,inflator,0.0,8578,25.00000000000001,40.0,False,0.0,95,-237.5,-179.26100000000022,-2.375,-1.7926100000000023
1079,inflator,0.0,8579,25.00000000000001,40.0,False,0.0,95,-237.5,-179.26100000000022,-2.375,-1.7926100000000023
1080,inflator,0.0,8580,25.00000000000001,40.0,False,0.0,95,-237.5,-179.26100000000022,-2.375,-1.7926100000000023
1081,inflator,0.0,8581,25.00000000000001,40.0,False,0.0,95,-237.5,-179.26100000000022,-2.375,-1.7926100000000023
1082,inflator,0.0,8582,25.00000000000001,40.0,False,0.0,95,-237.5,-179.26100000000022,-2.375,-1.7926100000000023
1083,inflator,0.0,8583,25.00000000000001,40.0,False,0.0,95,-237.5,-179.26100000000022,-2.375,-1.7926100000000023
1084,inflator,0.0,8584,25.00000000000001,40.0,False,0.0,95,-237.5,-179.26100000000022,-2.375,-1.7926100000000023
1085,inflator,0.0,8585,25.00000000000001,40.0,False,0.0,95,-237.5,-179.26100000000022,-2.375,-1.7926100000000023
1086,inflator,0.0,8586,25.00000000000001,40.0,False,0.0,95,-237.5,-179.26100000000022,-2.375,-1.7926100000000023
1087,inflator,0.0,8587,25.00000000000001,40.0,False,0.0,95,-237.5,-179.26100000000022,-2.375,-1.7926100000000023
1088,inflator,0.0,8588,25.00000000000001,40.0,False,0.0,95,-237.5,-179.26100000000022,-2.375,-1.7926100000000023
1089,inflator,0.0,8589,25.00000000000001,40.0,False,0.0,95,-237.5,-179.26100000000022,-2.375,-1.7926100000000023
1090,inflator,0.0,8590,25.00000000000001,40.0,False,0.0,95,-237.5,-179.26100000000022,-2.375,-1.7926100000000023
1091,inflator,0.0,8591,25.00000000000001,40.0,False,0.0,95,-237.5,-179.26100000000022,-2.375,-1.7926100000000023
1092,inflator,0.0,8592,25.00000000000001,40.0,False,0.0,95,-237.5,-179.26100000000022,-2.375,-1.7926100000000023
1093,inflator,0.0,8593,25.00000000000001,40.0,False,0.0,95,-237.5,-179.26100000000022,-2.375,-1.7926100000000023
1094,inflator,0.0,8594,25.00000000000001,40.0,False,0.0,95,-237.5,-179.26100000000022,-2.375,-1.7926100000000023
1095,inflator,0.0,8595,25.00000000000001,40.0,False,0.0,95,-237.5,-179.26100000000022,-2.375,-1.7926100000000023
1096,inflator,0.0,8596,25.00000000000001,40.0,False,0.0,95,-237.5,-179.26100000000022,-2.375,-1.7926100000000023
1097,inflator,0.0,8597,25.00000000000001,40.0,False,0.0,95,-237.5,-179.26100000000022,-2.375,-1.7926100000000023
1098,inflator,0.0,8598,25.00000000000001,40.0,False,0.0,95,-237.5,-179.26100000000022,-2.375,-1.7926100000000023
1099,inflator,0.0,8599,25.00000000000001,40.0,False,0.0,95,-237.5,-179.26100000000022,-2.375,-1.7926100000000023
1100,inflator,0.0,8600,25.00000000000001,40.0,False,0.0,95,-237.5,-179.26100000000022,-2.375,-1.7926100000000023
1101,inflator,0.1,8601,25.00000000000001,40.0,False,0.1,95,-237.5,-162.5169999999998,-2.375,-1.625169999999998
1102,inflator,0.1,8602,25.00000000000001,40.0,False,0.1,95,-237.5,-162.5169999999998,-2.375,-1.625169999999998
1103,inflator,0.1,8603,25.00000000000001,40.0,False,0.1,95,-237.5,-162.5169999999998,-2.375,-1.625169999999998
1104,inflator,0.1,8604,25.00000000000001,40.0,False,0.1,95,-237.5,-162.5169999999998,-2.375,-1.625169999999998
1105,inflator,0.1,8605,25.00000000000001,40.0,False,0.1,95,-237.5,-162.5169999999998,-2.375,-1.625169999999998
1106,inflator,0.1,8606,25.00000000000001,40.0,False,0.1,95,-237.5,-162.5169999999998,-2.375,-1.625169999999998
1107,inflator,0.1,8607,25.00000000000001,40.0,False,0.1,95,-237.5,-162.5169999999998,-2.375,-1.625169999999998
1108,inflator,0.1,8608,25.00000000000001,40.0,False,0.1,95,-237.5,-162.5169999999998,-2.375,-1.625169999999998
1109,inflator,0.1,8609,25.00000000000001,40.0,False,0.1,95,-237.5,-162.5169999999998,-2.375,-1.625169999999998
1110,inflator,0.1,8610,25.00000000000001,40.0,False,0.1,95,-237.5,-162.5169999999998,-2.375,-1.625169999999998
1111,inflator,0.1,8611,25.00000000000001,40.0,False,0.1,95,-237.5,-162.5169999999998,-2.375,-1.625169999999998
1112,inflator,0.1,8612,25.00000000000001,40.0,False,0.1,95,-237.5,-162.5169999999998,-2.375,-1.625169999999998
1113,inflator,0.1,8613,25.00000000000001,40.0,False,0.1,95,-237.5,-162.5169999999998,-2.375,-1.625169999999998
1114,inflator,0.1,8614,25.00000000000001,40.0,False,0.1,95,-237.5,-162.5169999999998,-2.375,-1.625169999999998
1115,inflator,0.1,8615,25.00000000000001,40.0,False,0.1,95,-237.5,-162.5169999999998,-2.375,-1.625169999999998
1116,inflator,0.1,8616,25.00000000000001,40.0,False,0.1,95,-237.5,-162.5169999999998,-2.375,-1.625169999999998
1117,inflator,0.1,8617,25.00000000000001,40.0,False,0.1,95,-237.5,-162.5169999999998,-2.375,-1.625169999999998
1118,inflator,0.1,8618,25.00000000000001,40.0,False,0.1,95,-237.5,-162.5169999999998,-2.375,-1.625169999999998
1119,inflator,0.1,8619,25.00000000000001,40.0,False,0.1,95,-237.5,-162.5169999999998,-2.375,-1.625169999999998
1120,inflator,0.1,8620,25.00000000000001,40.0,False,0.1,95,-237.5,-162.5169999999998,-2.375,-1.625169999999998
1121,inflator,0.1,8621,25.00000000000001,40.0,False,0.1,95,-237.5,-162.5169999999998,-2.375,-1.625169999999998
1122,inflator,0.1,8622,25.00000000000001,40.0,False,0.1,95,-237.5,-162.5169999999998,-2.375,-1.625169999999998
1123,inflator,0.1,8623,25.00000000000001,40.0,False,0.1,95,-237.5,-162.5169999999998,-2.375,-1.625169999999998
1124,inflator,0.1,8624,25.00000000000001,40.0,False,0.1,95,-237.5,-162.5169999999998,-2.375,-1.625169999999998
1125,inflator,0.1,8625,25.00000000000001,40.0,False,0.1,95,-237.5,-162.5169999999998,-2.375,-1.625169999999998
1126,inflator,0.1,8626,25.00000000000001,40.0,False,0.1,95,-237.5,-162.5169999999998,-2.375,-1.625169999999998
1127,inflator,0.1,8627,25.00000000000001,40.0,False,0.1,95,-237.5,-162.5169999999998,-2.375,-1.625169999999998
1128,inflator,0.1,8628,25.00000000000001,40.0,False,0.1,95,-237.5,-162.5169999999998,-2.375,-1.625169999999998
1129,inflator,0.1,8629,25.00000000000001,40.0,False,0.1,95,-237.5,-162.5169999999998,-2.375,-1.625169999999998
1130,inflator,0.1,8630,25.00000000000001,40.0,False,0.1,95,-237.5,-162.5169999999998,-2.375,-1.625169999999998
1131,inflator,0.1,8631,25.00000000000001,40.0,False,0.1,95,-237.5,-162.5169999999998,-2.375,-1.625169999999998
1132,inflator,0.1,8632,25.00000000000001,40.0,False,0.1,95,-237.5,-162.5169999999998,-2.375,-1.625169999999998
1133,inflator,0.1,8633,25.00000000000001,40.0,False,0.1,95,-237.5,-162.5169999999998,-2.375,-1.625169999999998
1134,inflator,0.1,8634,25.00000000000001,40.0,False,0.1,95,-237.5,-162.5169999999998,-2.375,-1.625169999999998
1135,inflator,0.1,8635,25.00000000000001,40.0,False,0.1,95,-237.5,-162.5169999999998,-2.375,-1.625169999999998
1136,inflator,0.1,8636,25.00000000000001,40.0,False,0.1,95,-237.5,-162.5169999999998,-2.375,-1.625169999999998
1137,inflator,0.1,8637,25.00000000000001,40.0,False,0.1,95,-237.5,-162.5169999999998,-2.375,-1.625169999999998
1138,inflator,0.1,8638,25.00000000000001,40.0,False,0.1,95,-237.5,-162.5169999999998,-2.375,-1.625169999999998
1139,inflator,0.1,8639,25.00000000000001,40.0,False,0.1,95,-237.5,-162.5169999999998,-2.375,-1.625169999999998
1140,inflator,0.1,8640,25.00000000000001,40.0,False,0.1,95,-237.5,-162.5169999999998,-2.375,-1.625169999999998
1141,inflator,0.1,8641,25.00000000000001,40.0,False,0.1,95,-237.5,-162.5169999999998,-2.375,-1.625169999999998
1142,inflator,0.1,8642,25.00000000000001,40.0,False,0.1,95,-237.5,-162.5169999999998,-2.375,-1.625169999999998
1143,inflator,0.1,8643,25.00000000000001,40.0,False,0.1,95,-237.5,-162.5169999999998,-2.375,-1.625169999999998
1144,inflator,0.1,8644,25.00000000000001,40.0,False,0.1,95,-237.5,-162.5169999999998,-2.375,-1.625169999999998
1145,inflator,0.1,8645,25.00000000000001,40.0,False,0.1,95,-237.5,-162.5169999999998,-2.375,-1.625169999999998
1146,inflator,0.1,8646,25.00000000000001,40.0,False,0.1,95,-237.5,-162.5169999999998,-2.375,-1.625169999999998
1147,inflator,0.1,8647,25.00000000000001,40.0,False,0.1,95,-237.5,-162.5169999999998,-2.375,-1.625169999999998
1148,inflator,0.1,8648,25.00000000000001,40.0,False,0.1,95,-237.5,-162.5169999999998,-2.375,-1.625169999999998
1149,inflator,0.1,8649,25.00000000000001,40.0,False,0.1,95,-237.5,-162.5169999999998,-2.375,-1.625169999999998
1150,inflator,0.1,8650,25.00000000000001,40.0,False,0.1,95,-237.5,-162.5169999999998,-2.375,-1.625169999999998
1151,inflator,0.1,8651,25.00000000000001,40.0,False,0.1,95,-237.5,-162.5169999999998,-2.375,-1.625169999999998
1152,inflator,0.1,8652,25.00000000000001,40.0,False,0.1,95,-237.5,-162.5169999999998,-2.375,-1.625169999999998
1153,inflator,0.1,8653,25.00000000000001,40.0,False,0.1,95,-237.5,-162.5169999999998,-2.375,-1.625169999999998
1154,inflator,0.1,8654,25.00000000000001,40.0,False,0.1,95,-237.5,-162.5169999999998,-2.375,-1.625169999999998
1155,inflator,0.1,8655,25.00000000000001,40.0,False,0.1,95,-237.5,-162.5169999999998,-2.375,-1.625169999999998
1156,inflator,0.1,8656,25.00000000000001,40.0,False,0.1,95,-237.5,-162.5169999999998,-2.375,-1.625169999999998
1157,inflator,0.1,8657,25.00000000000001,40.0,False,0.1,95,-237.5,-162.5169999999998,-2.375,-1.625169999999998
1158,inflator,0.1,8658,25.00000000000001,40.0,False,0.1,95,-237.5,-162.5169999999998,-2.375,-1.625169999999998
1159,inflator,0.1,8659,25.00000000000001,40.0,False,0.1,95,-237.5,-162.5169999999998,-2.375,-1.625169999999998
1160,inflator,0.1,8660,25.00000000000001,40.0,False,0.1,95,-237.5,-162.5169999999998,-2.375,-1.625169999999998
1161,inflator,0.1,8661,25.00000000000001,40.0,False,0.1,95,-237.5,-162.5169999999998,-2.375,-1.625169999999998
1162,inflator,0.1,8662,25.00000000000001,40.0,False,0.1,95,-237.5,-162.5169999999998,-2.375,-1.625169999999998
1163,inflator,0.1,8663,25.00000000000001,40.0,False,0.1,95,-237.5,-162.5169999999998,-2.375,-1.625169999999998
1164,inflator,0.1,8664,25.00000000000001,40.0,False,0.1,95,-237.5,-162.5169999999998,-2.375,-1.625169999999998
1165,inflator,0.1,8665,25.00000000000001,40.0,False,0.1,95,-237.5,-162.5169999999998,-2.375,-1.625169999999998
1166,inflator,0.1,8666,25.00000000000001,40.0,False,0.1,95,-237.5,-162.5169999999998,-2.375,-1.625169999999998
1167,inflator,0.1,8667,25.00000000000001,40.0,False,0.1,95,-237.5,-162.5169999999998,-2.375,-1.625169999999998
1168,inflator,0.1,8668,25.00000000000001,40.0,False,0.1,95,-237.5,-162.5169999999998,-2.375,-1.625169999999998
1169,inflator,0.1,8669,25.00000000000001,40.0,False,0.1,95,-237.5,-162.5169999999998,-2.375,-1.625169999999998
1170,inflator,0.1,8670,25.00000000000001,40.0,False,0.1,95,-237.5,-162.5169999999998,-2.375,-1.625169999999998
1171,inflator,0.1,8671,25.00000000000001,40.0,False,0.1,95,-237.5,-162.5169999999998,-2.375,-1.625169999999998
1172,inflator,0.1,8672,25.00000000000001,40.0,False,0.1,95,-237.5,-162.5169999999998,-2.375,-1.625169999999998
1173,inflator,0.1,8673,25.00000000000001,40.0,False,0.1,95,-237.5,-162.5169999999998,-2.375,-1.625169999999998
1174,inflator,0.1,8674,25.00000000000001,40.0,False,0.1,95,-237.5,-162.5169999999998,-2.375,-1.625169999999998
1175,inflator,0.1,8675,25.00000000000001,40.0,False,0.1,95,-237.5,-162.5169999999998,-2.375,-1.625169999999998
1176,inflator,0.1,8676,25.00000000000001,40.0,False,0.1,95,-237.5,-162.5169999999998,-2.375,-1.625169999999998
1177,inflator,0.1,8677,25.00000000000001,40.0,False,0.1,95,-237.5,-162.5169999999998,-2.375,-1.625169999999998
1178,inflator,0.1,8678,25.00000000000001,40.0,False,0.1,95,-237.5,-162.5169999999998,-2.375,-1.625169999999998
1179,inflator,0.1,8679,25.00000000000001,40.0,False,0.1,95,-237.5,-162.5169999999998,-2.375,-1.625169999999998
1180,inflator,0.1,8680,25.00000000000001,40.0,False,0.1,95,-237.5,-162.5169999999998,-2.375,-1.625169999999998
1181,inflator,0.1,8681,25.00000000000001,40.0,False,0.1,95,-237.5,-162.5169999999998,-2.375,-1.625169999999998
1182,inflator,0.1,8682,25.00000000000001,40.0,False,0.1,95,-237.5,-162.5169999999998,-2.375,-1.625169999999998
1183,inflator,0.1,8683,25.00000000000001,40.0,False,0.1,95,-237.5,-162.5169999999998,-2.375,-1.625169999999998
1184,inflator,0.1,8684,25.00000000000001,40.0,False,0.1,95,-237.5,-162.5169999999998,-2.375,-1.625169999999998
1185,inflator,0.1,8685,25.00000000000001,40.0,False,0.1,95,-237.5,-162.5169999999998,-2.375,-1.625169999999998
1186,inflator,0.1,8686,25.00000000000001,40.0,False,0.1,95,-237.5,-162.5169999999998,-2.375,-1.625169999999998
1187,inflator,0.1,8687,25.00000000000001,40.0,False,0.1,95,-237.5,-162.5169999999998,-2.375,-1.625169999999998
1188,inflator,0.1,8688,25.00000000000001,40.0,False,0.1,95,-237.5,-162.5169999999998,-2.375,-1.625169999999998
1189,inflator,0.1,8689,25.00000000000001,40.0,False,0.1,95,-237.5,-162.5169999999998,-2.375,-1.625169999999998
1190,inflator,0.1,8690,25.00000000000001,40.0,False,0.1,95,-237.5,-162.5169999999998,-2.375,-1.625169999999998
1191,inflator,0.1,8691,25.00000000000001,40.0,False,0.1,95,-237.5,-162.5169999999998,-2.375,-1.625169999999998
1192,inflator,0.1,8692,25.00000000000001,40.0,False,0.1,95,-237.5,-162.5169999999998,-2.375,-1.625169999999998
1193,inflator,0.1,8693,25.00000000000001,40.0,False,0.1,95,-237.5,-162.5169999999998,-2.375,-1.625169999999998
1194,inflator,0.1,8694,25.00000000000001,40.0,False,0.1,95,-237.5,-162.5169999999998,-2.375,-1.625169999999998
1195,inflator,0.1,8695,25.00000000000001,40.0,False,0.1,95,-237.5,-162.5169999999998,-2.375,-1.625169999999998
1196,inflator,0.1,8696,25.00000000000001,40.0,False,0.1,95,-237.5,-162.5169999999998,-2.375,-1.625169999999998
1197,inflator,0.1,8697,25.00000000000001,40.0,False,0.1,95,-237.5,-162.5169999999998,-2.375,-1.625169999999998
1198,inflator,0.1,8698,25.00000000000001,40.0,False,0.1,95,-237.5,-162.5169999999998,-2.375,-1.625169999999998
1199,inflator,0.1,8699,25.00000000000001,40.0,False,0.1,95,-237.5,-162.5169999999998,-2.375,-1.625169999999998
1200,inflator,0.1,8700,25.00000000000001,40.0,False,0.1,95,-237.5,-162.5169999999998,-2.375,-1.625169999999998
1201,inflator,0.2,8701,25.00000000000001,40.0,False,0.2,95,-237.5,-145.51499999999984,-2.375,-1.4551499999999984
1202,inflator,0.2,8702,25.00000000000001,40.0,False,0.2,95,-237.5,-145.51499999999984,-2.375,-1.4551499999999984
1203,inflator,0.2,8703,25.00000000000001,40.0,False,0.2,95,-237.5,-145.51499999999984,-2.375,-1.4551499999999984
1204,inflator,0.2,8704,25.00000000000001,40.0,False,0.2,95,-237.5,-145.51499999999984,-2.375,-1.4551499999999984
1205,inflator,0.2,8705,25.00000000000001,40.0,False,0.2,95,-237.5,-145.51499999999984,-2.375,-1.4551499999999984
1206,inflator,0.2,8706,25.00000000000001,40.0,False,0.2,95,-237.5,-145.51499999999984,-2.375,-1.4551499999999984
1207,inflator,0.2,8707,25.00000000000001,40.0,False,0.2,95,-237.5,-145.51499999999984,-2.375,-1.4551499999999984
1208,inflator,0.2,8708,25.00000000000001,40.0,False,0.2,95,-237.5,-145.51499999999984,-2.375,-1.4551499999999984
1209,inflator,0.2,8709,25.00000000000001,40.0,False,0.2,95,-237.5,-145.51499999999984,-2.375,-1.4551499999999984
1210,inflator,0.2,8710,25.00000000000001,40.0,False,0.2,95,-237.5,-145.51499999999984,-2.375,-1.4551499999999984
1211,inflator,0.2,8711,25.00000000000001,40.0,False,0.2,95,-237.5,-145.51499999999984,-2.375,-1.4551499999999984
1212,inflator,0.2,8712,25.00000000000001,40.0,False,0.2,95,-237.5,-145.51499999999984,-2.375,-1.4551499999999984
1213,inflator,0.2,8713,25.00000000000001,40.0,False,0.2,95,-237.5,-145.51499999999984,-2.375,-1.4551499999999984
1214,inflator,0.2,8714,25.00000000000001,40.0,False,0.2,95,-237.5,-145.51499999999984,-2.375,-1.4551499999999984
1215,inflator,0.2,8715,25.00000000000001,40.0,False,0.2,95,-237.5,-145.51499999999984,-2.375,-1.4551499999999984
1216,inflator,0.2,8716,25.00000000000001,40.0,False,0.2,95,-237.5,-145.51499999999984,-2.375,-1.4551499999999984
1217,inflator,0.2,8717,25.00000000000001,40.0,False,0.2,95,-237.5,-145.51499999999984,-2.375,-1.4551499999999984
1218,inflator,0.2,8718,25.00000000000001,40.0,False,0.2,95,-237.5,-145.51499999999984,-2.375,-1.4551499999999984
1219,inflator,0.2,8719,25.00000000000001,40.0,False,0.2,95,-237.5,-145.51499999999984,-2.375,-1.4551499999999984
1220,inflator,0.2,8720,25.00000000000001,40.0,False,0.2,95,-237.5,-145.51499999999984,-2.375,-1.4551499999999984
1221,inflator,0.2,8721,25.00000000000001,40.0,False,0.2,95,-237.5,-145.51499999999984,-2.375,-1.4551499999999984
1222,inflator,0.2,8722,25.00000000000001,40.0,False,0.2,95,-237.5,-145.51499999999984,-2.375,-1.4551499999999984
1223,inflator,0.2,8723,25.00000000000001,40.0,False,0.2,95,-237.5,-145.51499999999984,-2.375,-1.4551499999999984
1224,inflator,0.2,8724,25.00000000000001,40.0,False,0.2,95,-237.5,-145.51499999999984,-2.375,-1.4551499999999984
1225,inflator,0.2,8725,25.00000000000001,40.0,False,0.2,95,-237.5,-145.51499999999984,-2.375,-1.4551499999999984
1226,inflator,0.2,8726,25.00000000000001,40.0,False,0.2,95,-237.5,-145.51499999999984,-2.375,-1.4551499999999984
1227,inflator,0.2,8727,25.00000000000001,40.0,False,0.2,95,-237.5,-145.51499999999984,-2.375,-1.4551499999999984
1228,inflator,0.2,8728,25.00000000000001,40.0,False,0.2,95,-237.5,-145.51499999999984,-2.375,-1.4551499999999984
1229,inflator,0.2,8729,25.00000000000001,40.0,False,0.2,95,-237.5,-145.51499999999984,-2.375,-1.4551499999999984
1230,inflator,0.2,8730,25.00000000000001,40.0,False,0.2,95,-237.5,-145.51499999999984,-2.375,-1.4551499999999984
1231,inflator,0.2,8731,25.00000000000001,40.0,False,0.2,95,-237.5,-145.51499999999984,-2.375,-1.4551499999999984
1232,inflator,0.2,8732,25.00000000000001,40.0,False,0.2,95,-237.5,-145.51499999999984,-2.375,-1.4551499999999984
1233,inflator,0.2,8733,25.00000000000001,40.0,False,0.2,95,-237.5,-145.51499999999984,-2.375,-1.4551499999999984
1234,inflator,0.2,8734,25.00000000000001,40.0,False,0.2,95,-237.5,-145.51499999999984,-2.375,-1.4551499999999984
1235,inflator,0.2,8735,25.00000000000001,40.0,False,0.2,95,-237.5,-145.51499999999984,-2.375,-1.4551499999999984
1236,inflator,0.2,8736,25.00000000000001,40.0,False,0.2,95,-237.5,-145.51499999999984,-2.375,-1.4551499999999984
1237,inflator,0.2,8737,25.00000000000001,40.0,False,0.2,95,-237.5,-145.51499999999984,-2.375,-1.4551499999999984
1238,inflator,0.2,8738,25.00000000000001,40.0,False,0.2,95,-237.5,-145.51499999999984,-2.375,-1.4551499999999984
1239,inflator,0.2,8739,25.00000000000001,40.0,False,0.2,95,-237.5,-145.51499999999984,-2.375,-1.4551499999999984
1240,inflator,0.2,8740,25.00000000000001,40.0,False,0.2,95,-237.5,-145.51499999999984,-2.375,-1.4551499999999984
1241,inflator,0.2,8741,25.00000000000001,40.0,False,0.2,95,-237.5,-145.51499999999984,-2.375,-1.4551499999999984
1242,inflator,0.2,8742,25.00000000000001,40.0,False,0.2,95,-237.5,-145.51499999999984,-2.375,-1.4551499999999984
1243,inflator,0.2,8743,25.00000000000001,40.0,False,0.2,95,-237.5,-145.51499999999984,-2.375,-1.4551499999999984
1244,inflator,0.2,8744,25.00000000000001,40.0,False,0.2,95,-237.5,-145.51499999999984,-2.375,-1.4551499999999984
1245,inflator,0.2,8745,25.00000000000001,40.0,False,0.2,95,-237.5,-145.51499999999984,-2.375,-1.4551499999999984
1246,inflator,0.2,8746,25.00000000000001,40.0,False,0.2,95,-237.5,-145.51499999999984,-2.375,-1.4551499999999984
1247,inflator,0.2,8747,25.00000000000001,40.0,False,0.2,95,-237.5,-145.51499999999984,-2.375,-1.4551499999999984
1248,inflator,0.2,8748,25.00000000000001,40.0,False,0.2,95,-237.5,-145.51499999999984,-2.375,-1.4551499999999984
1249,inflator,0.2,8749,25.00000000000001,40.0,False,0.2,95,-237.5,-145.51499999999984,-2.375,-1.4551499999999984
1250,inflator,0.2,8750,25.00000000000001,40.0,False,0.2,95,-237.5,-145.51499999999984,-2.375,-1.4551499999999984
1251,inflator,0.2,8751,25.00000000000001,40.0,False,0.2,95,-237.5,-145.51499999999984,-2.375,-1.4551499999999984
1252,inflator,0.2,8752,25.00000000000001,40.0,False,0.2,95,-237.5,-145.51499999999984,-2.375,-1.4551499999999984
1253,inflator,0.2,8753,25.00000000000001,40.0,False,0.2,95,-237.5,-145.51499999999984,-2.375,-1.4551499999999984
1254,inflator,0.2,8754,25.00000000000001,40.0,False,0.2,95,-237.5,-145.51499999999984,-2.375,-1.4551499999999984
1255,inflator,0.2,8755,25.00000000000001,40.0,False,0.2,95,-237.5,-145.51499999999984,-2.375,-1.4551499999999984
1256,inflator,0.2,8756,25.00000000000001,40.0,False,0.2,95,-237.5,-145.51499999999984,-2.375,-1.4551499999999984
1257,inflator,0.2,8757,25.00000000000001,40.0,False,0.2,95,-237.5,-145.51499999999984,-2.375,-1.4551499999999984
1258,inflator,0.2,8758,25.00000000000001,40.0,False,0.2,95,-237.5,-145.51499999999984,-2.375,-1.4551499999999984
1259,inflator,0.2,8759,25.00000000000001,40.0,False,0.2,95,-237.5,-145.51499999999984,-2.375,-1.4551499999999984
1260,inflator,0.2,8760,25.00000000000001,40.0,False,0.2,95,-237.5,-145.51499999999984,-2.375,-1.4551499999999984
1261,inflator,0.2,8761,25.00000000000001,40.0,False,0.2,95,-237.5,-145.51499999999984,-2.375,-1.4551499999999984
1262,inflator,0.2,8762,25.00000000000001,40.0,False,0.2,95,-237.5,-145.51499999999984,-2.375,-1.4551499999999984
1263,inflator,0.2,8763,25.00000000000001,40.0,False,0.2,95,-237.5,-145.51499999999984,-2.375,-1.4551499999999984
1264,inflator,0.2,8764,25.00000000000001,40.0,False,0.2,95,-237.5,-145.51499999999984,-2.375,-1.4551499999999984
1265,inflator,0.2,8765,25.00000000000001,40.0,False,0.2,95,-237.5,-145.51499999999984,-2.375,-1.4551499999999984
1266,inflator,0.2,8766,25.00000000000001,40.0,False,0.2,95,-237.5,-145.51499999999984,-2.375,-1.4551499999999984
1267,inflator,0.2,8767,25.00000000000001,40.0,False,0.2,95,-237.5,-145.51499999999984,-2.375,-1.4551499999999984
1268,inflator,0.2,8768,25.00000000000001,40.0,False,0.2,95,-237.5,-145.51499999999984,-2.375,-1.4551499999999984
1269,inflator,0.2,8769,25.00000000000001,40.0,False,0.2,95,-237.5,-145.51499999999984,-2.375,-1.4551499999999984
1270,inflator,0.2,8770,25.00000000000001,40.0,False,0.2,95,-237.5,-145.51499999999984,-2.375,-1.4551499999999984
1271,inflator,0.2,8771,25.00000000000001,40.0,False,0.2,95,-237.5,-145.51499999999984,-2.375,-1.4551499999999984
1272,inflator,0.2,8772,25.00000000000001,40.0,False,0.2,95,-237.5,-145.51499999999984,-2.375,-1.4551499999999984
1273,inflator,0.2,8773,25.00000000000001,40.0,False,0.2,95,-237.5,-145.51499999999984,-2.375,-1.4551499999999984
1274,inflator,0.2,8774,25.00000000000001,40.0,False,0.2,95,-237.5,-145.51499999999984,-2.375,-1.4551499999999984
1275,inflator,0.2,8775,25.00000000000001,40.0,False,0.2,95,-237.5,-145.51499999999984,-2.375,-1.4551499999999984
1276,inflator,0.2,8776,25.00000000000001,40.0,False,0.2,95,-237.5,-145.51499999999984,-2.375,-1.4551499999999984
1277,inflator,0.2,8777,25.00000000000001,40.0,False,0.2,95,-237.5,-145.51499999999984,-2.375,-1.4551499999999984
1278,inflator,0.2,8778,25.00000000000001,40.0,False,0.2,95,-237.5,-145.51499999999984,-2.375,-1.4551499999999984
1279,inflator,0.2,8779,25.00000000000001,40.0,False,0.2,95,-237.5,-145.51499999999984,-2.375,-1.4551499999999984
1280,inflator,0.2,8780,25.00000000000001,40.0,False,0.2,95,-237.5,-145.51499999999984,-2.375,-1.4551499999999984
1281,inflator,0.2,8781,25.00000000000001,40.0,False,0.2,95,-237.5,-145.51499999999984,-2.375,-1.4551499999999984
1282,inflator,0.2,8782,25.00000000000001,40.0,False,0.2,95,-237.5,-145.51499999999984,-2.375,-1.4551499999999984
1283,inflator,0.2,8783,25.00000000000001,40.0,False,0.2,95,-237.5,-145.51499999999984,-2.375,-1.4551499999999984
1284,inflator,0.2,8784,25.00000000000001,40.0,False,0.2,95,-237.5,-145.51499999999984,-2.375,-1.4551499999999984
1285,inflator,0.2,8785,25.00000000000001,40.0,False,0.2,95,-237.5,-145.51499999999984,-2.375,-1.4551499999999984
1286,inflator,0.2,8786,25.00000000000001,40.0,False,0.2,95,-237.5,-145.51499999999984,-2.375,-1.4551499999999984
1287,inflator,0.2,8787,25.00000000000001,40.0,False,0.2,95,-237.5,-145.51499999999984,-2.375,-1.4551499999999984
1288,inflator,0.2,8788,25.00000000000001,40.0,False,0.2,95,-237.5,-145.51499999999984,-2.375,-1.4551499999999984
1289,inflator,0.2,8789,25.00000000000001,40.0,False,0.2,95,-237.5,-145.51499999999984,-2.375,-1.4551499999999984
1290,inflator,0.2,8790,25.00000000000001,40.0,False,0.2,95,-237.5,-145.51499999999984,-2.375,-1.4551499999999984
1291,inflator,0.2,8791,25.00000000000001,40.0,False,0.2,95,-237.5,-145.51499999999984,-2.375,-1.4551499999999984
1292,inflator,0.2,8792,25.00000000000001,40.0,False,0.2,95,-237.5,-145.51499999999984,-2.375,-1.4551499999999984
1293,inflator,0.2,8793,25.00000000000001,40.0,False,0.2,95,-237.5,-145.51499999999984,-2.375,-1.4551499999999984
1294,inflator,0.2,8794,25.00000000000001,40.0,False,0.2,95,-237.5,-145.51499999999984,-2.375,-1.4551499999999984
1295,inflator,0.2,8795,25.00000000000001,40.0,False,0.2,95,-237.5,-145.51499999999984,-2.375,-1.4551499999999984
1296,inflator,0.2,8796,25.00000000000001,40.0,False,0.2,95,-237.5,-145.51499999999984,-2.375,-1.4551499999999984
1297,inflator,0.2,8797,25.00000000000001,40.0,False,0.2,95,-237.5,-145.51499999999984,-2.375,-1.4551499999999984
1298,inflator,0.2,8798,25.00000000000001,40.0,False,0.2,95,-237.5,-145.51499999999984,-2.375,-1.4551499999999984
1299,inflator,0.2,8799,25.00000000000001,40.0,False,0.2,95,-237.5,-145.51499999999984,-2.375,-1.4551499999999984
1300,inflator,0.2,8800,25.00000000000001,40.0,False,0.2,95,-237.5,-145.51499999999984,-2.375,-1.4551499999999984
1301,inflator,0.3,8801,25.00000000000001,40.0,False,0.3,95,-237.5,-128.25699999999978,-2.375,-1.2825699999999978
1302,inflator,0.3,8802,25.00000000000001,40.0,False,0.3,95,-237.5,-128.25699999999978,-2.375,-1.2825699999999978
1303,inflator,0.3,8803,25.00000000000001,40.0,False,0.3,95,-237.5,-128.25699999999978,-2.375,-1.2825699999999978
1304,inflator,0.3,8804,25.00000000000001,40.0,False,0.3,95,-237.5,-128.25699999999978,-2.375,-1.2825699999999978
1305,inflator,0.3,8805,25.00000000000001,40.0,False,0.3,95,-237.5,-128.25699999999978,-2.375,-1.2825699999999978
1306,inflator,0.3,8806,25.00000000000001,40.0,False,0.3,95,-237.5,-128.25699999999978,-2.375,-1.2825699999999978
1307,inflator,0.3,8807,25.00000000000001,40.0,False,0.3,95,-237.5,-128.25699999999978,-2.375,-1.2825699999999978
1308,inflator,0.3,8808,25.00000000000001,40.0,False,0.3,95,-237.5,-128.25699999999978,-2.375,-1.2825699999999978
1309,inflator,0.3,8809,25.00000000000001,40.0,False,0.3,95,-237.5,-128.25699999999978,-2.375,-1.2825699999999978
1310,inflator,0.3,8810,25.00000000000001,40.0,False,0.3,95,-237.5,-128.25699999999978,-2.375,-1.2825699999999978
1311,inflator,0.3,8811,25.00000000000001,40.0,False,0.3,95,-237.5,-128.25699999999978,-2.375,-1.2825699999999978
1312,inflator,0.3,8812,25.00000000000001,40.0,False,0.3,95,-237.5,-128.25699999999978,-2.375,-1.2825699999999978
1313,inflator,0.3,8813,25.00000000000001,40.0,False,0.3,95,-237.5,-128.25699999999978,-2.375,-1.2825699999999978
1314,inflator,0.3,8814,25.00000000000001,40.0,False,0.3,95,-237.5,-128.25699999999978,-2.375,-1.2825699999999978
1315,inflator,0.3,8815,25.00000000000001,40.0,False,0.3,95,-237.5,-128.25699999999978,-2.375,-1.2825699999999978
1316,inflator,0.3,8816,25.00000000000001,40.0,False,0.3,95,-237.5,-128.25699999999978,-2.375,-1.2825699999999978
1317,inflator,0.3,8817,25.00000000000001,40.0,False,0.3,95,-237.5,-128.25699999999978,-2.375,-1.2825699999999978
1318,inflator,0.3,8818,25.00000000000001,40.0,False,0.3,95,-237.5,-128.25699999999978,-2.375,-1.2825699999999978
1319,inflator,0.3,8819,25.00000000000001,40.0,False,0.3,95,-237.5,-128.25699999999978,-2.375,-1.2825699999999978
1320,inflator,0.3,8820,25.00000000000001,40.0,False,0.3,95,-237.5,-128.25699999999978,-2.375,-1.2825699999999978
1321,inflator,0.3,8821,25.00000000000001,40.0,False,0.3,95,-237.5,-128.25699999999978,-2.375,-1.2825699999999978
1322,inflator,0.3,8822,25.00000000000001,40.0,False,0.3,95,-237.5,-128.25699999999978,-2.375,-1.2825699999999978
1323,inflator,0.3,8823,25.00000000000001,40.0,False,0.3,95,-237.5,-128.25699999999978,-2.375,-1.2825699999999978
1324,inflator,0.3,8824,25.00000000000001,40.0,False,0.3,95,-237.5,-128.25699999999978,-2.375,-1.2825699999999978
1325,inflator,0.3,8825,25.00000000000001,40.0,False,0.3,95,-237.5,-128.25699999999978,-2.375,-1.2825699999999978
1326,inflator,0.3,8826,25.00000000000001,40.0,False,0.3,95,-237.5,-128.25699999999978,-2.375,-1.2825699999999978
1327,inflator,0.3,8827,25.00000000000001,40.0,False,0.3,95,-237.5,-128.25699999999978,-2.375,-1.2825699999999978
1328,inflator,0.3,8828,25.00000000000001,40.0,False,0.3,95,-237.5,-128.25699999999978,-2.375,-1.2825699999999978
1329,inflator,0.3,8829,25.00000000000001,40.0,False,0.3,95,-237.5,-128.25699999999978,-2.375,-1.2825699999999978
1330,inflator,0.3,8830,25.00000000000001,40.0,False,0.3,95,-237.5,-128.25699999999978,-2.375,-1.2825699999999978
1331,inflator,0.3,8831,25.00000000000001,40.0,False,0.3,95,-237.5,-128.25699999999978,-2.375,-1.2825699999999978
1332,inflator,0.3,8832,25.00000000000001,40.0,False,0.3,95,-237.5,-128.25699999999978,-2.375,-1.2825699999999978
1333,inflator,0.3,8833,25.00000000000001,40.0,False,0.3,95,-237.5,-128.25699999999978,-2.375,-1.2825699999999978
1334,inflator,0.3,8834,25.00000000000001,40.0,False,0.3,95,-237.5,-128.25699999999978,-2.375,-1.2825699999999978
1335,inflator,0.3,8835,25.00000000000001,40.0,False,0.3,95,-237.5,-128.25699999999978,-2.375,-1.2825699999999978
1336,inflator,0.3,8836,25.00000000000001,40.0,False,0.3,95,-237.5,-128.25699999999978,-2.375,-1.2825699999999978
1337,inflator,0.3,8837,25.00000000000001,40.0,False,0.3,95,-237.5,-128.25699999999978,-2.375,-1.2825699999999978
1338,inflator,0.3,8838,25.00000000000001,40.0,False,0.3,95,-237.5,-128.25699999999978,-2.375,-1.2825699999999978
1339,inflator,0.3,8839,25.00000000000001,40.0,False,0.3,95,-237.5,-128.25699999999978,-2.375,-1.2825699999999978
1340,inflator,0.3,8840,25.00000000000001,40.0,False,0.3,95,-237.5,-128.25699999999978,-2.375,-1.2825699999999978
1341,inflator,0.3,8841,25.00000000000001,40.0,False,0.3,95,-237.5,-128.25699999999978,-2.375,-1.2825699999999978
1342,inflator,0.3,8842,25.00000000000001,40.0,False,0.3,95,-237.5,-128.25699999999978,-2.375,-1.2825699999999978
1343,inflator,0.3,8843,25.00000000000001,40.0,False,0.3,95,-237.5,-128.25699999999978,-2.375,-1.2825699999999978
1344,inflator,0.3,8844,25.00000000000001,40.0,False,0.3,95,-237.5,-128.25699999999978,-2.375,-1.2825699999999978
1345,inflator,0.3,8845,25.00000000000001,40.0,False,0.3,95,-237.5,-128.25699999999978,-2.375,-1.2825699999999978
1346,inflator,0.3,8846,25.00000000000001,40.0,False,0.3,95,-237.5,-128.25699999999978,-2.375,-1.2825699999999978
1347,inflator,0.3,8847,25.00000000000001,40.0,False,0.3,95,-237.5,-128.25699999999978,-2.375,-1.2825699999999978
1348,inflator,0.3,8848,25.00000000000001,40.0,False,0.3,95,-237.5,-128.25699999999978,-2.375,-1.2825699999999978
1349,inflator,0.3,8849,25.00000000000001,40.0,False,0.3,95,-237.5,-128.25699999999978,-2.375,-1.2825699999999978
1350,inflator,0.3,8850,25.00000000000001,40.0,False,0.3,95,-237.5,-128.25699999999978,-2.375,-1.2825699999999978
1351,inflator,0.3,8851,25.00000000000001,40.0,False,0.3,95,-237.5,-128.25699999999978,-2.375,-1.2825699999999978
1352,inflator,0.3,8852,25.00000000000001,40.0,False,0.3,95,-237.5,-128.25699999999978,-2.375,-1.2825699999999978
1353,inflator,0.3,8853,25.00000000000001,40.0,False,0.3,95,-237.5,-128.25699999999978,-2.375,-1.2825699999999978
1354,inflator,0.3,8854,25.00000000000001,40.0,False,0.3,95,-237.5,-128.25699999999978,-2.375,-1.2825699999999978
1355,inflator,0.3,8855,25.00000000000001,40.0,False,0.3,95,-237.5,-128.25699999999978,-2.375,-1.2825699999999978
1356,inflator,0.3,8856,25.00000000000001,40.0,False,0.3,95,-237.5,-128.25699999999978,-2.375,-1.2825699999999978
1357,inflator,0.3,8857,25.00000000000001,40.0,False,0.3,95,-237.5,-128.25699999999978,-2.375,-1.2825699999999978
1358,inflator,0.3,8858,25.00000000000001,40.0,False,0.3,95,-237.5,-128.25699999999978,-2.375,-1.2825699999999978
1359,inflator,0.3,8859,25.00000000000001,40.0,False,0.3,95,-237.5,-128.25699999999978,-2.375,-1.2825699999999978
1360,inflator,0.3,8860,25.00000000000001,40.0,False,0.3,95,-237.5,-128.25699999999978,-2.375,-1.2825699999999978
1361,inflator,0.3,8861,25.00000000000001,40.0,False,0.3,95,-237.5,-128.25699999999978,-2.375,-1.2825699999999978
1362,inflator,0.3,8862,25.00000000000001,40.0,False,0.3,95,-237.5,-128.25699999999978,-2.375,-1.2825699999999978
1363,inflator,0.3,8863,25.00000000000001,40.0,False,0.3,95,-237.5,-128.25699999999978,-2.375,-1.2825699999999978
1364,inflator,0.3,8864,25.00000000000001,40.0,False,0.3,95,-237.5,-128.25699999999978,-2.375,-1.2825699999999978
1365,inflator,0.3,8865,25.00000000000001,40.0,False,0.3,95,-237.5,-128.25699999999978,-2.375,-1.2825699999999978
1366,inflator,0.3,8866,25.00000000000001,40.0,False,0.3,95,-237.5,-128.25699999999978,-2.375,-1.2825699999999978
1367,inflator,0.3,8867,25.00000000000001,40.0,False,0.3,95,-237.5,-128.25699999999978,-2.375,-1.2825699999999978
1368,inflator,0.3,8868,25.00000000000001,40.0,False,0.3,95,-237.5,-128.25699999999978,-2.375,-1.2825699999999978
1369,inflator,0.3,8869,25.00000000000001,40.0,False,0.3,95,-237.5,-128.25699999999978,-2.375,-1.2825699999999978
1370,inflator,0.3,8870,25.00000000000001,40.0,False,0.3,95,-237.5,-128.25699999999978,-2.375,-1.2825699999999978
1371,inflator,0.3,8871,25.00000000000001,40.0,False,0.3,95,-237.5,-128.25699999999978,-2.375,-1.2825699999999978
1372,inflator,0.3,8872,25.00000000000001,40.0,False,0.3,95,-237.5,-128.25699999999978,-2.375,-1.2825699999999978
1373,inflator,0.3,8873,25.00000000000001,40.0,False,0.3,95,-237.5,-128.25699999999978,-2.375,-1.2825699999999978
1374,inflator,0.3,8874,25.00000000000001,40.0,False,0.3,95,-237.5,-128.25699999999978,-2.375,-1.2825699999999978
1375,inflator,0.3,8875,25.00000000000001,40.0,False,0.3,95,-237.5,-128.25699999999978,-2.375,-1.2825699999999978
1376,inflator,0.3,8876,25.00000000000001,40.0,False,0.3,95,-237.5,-128.25699999999978,-2.375,-1.2825699999999978
1377,inflator,0.3,8877,25.00000000000001,40.0,False,0.3,95,-237.5,-128.25699999999978,-2.375,-1.2825699999999978
1378,inflator,0.3,8878,25.00000000000001,40.0,False,0.3,95,-237.5,-128.25699999999978,-2.375,-1.2825699999999978
1379,inflator,0.3,8879,25.00000000000001,40.0,False,0.3,95,-237.5,-128.25699999999978,-2.375,-1.2825699999999978
1380,inflator,0.3,8880,25.00000000000001,40.0,False,0.3,95,-237.5,-128.25699999999978,-2.375,-1.2825699999999978
1381,inflator,0.3,8881,25.00000000000001,40.0,False,0.3,95,-237.5,-128.25699999999978,-2.375,-1.2825699999999978
1382,inflator,0.3,8882,25.00000000000001,40.0,False,0.3,95,-237.5,-128.25699999999978,-2.375,-1.2825699999999978
1383,inflator,0.3,8883,25.00000000000001,40.0,False,0.3,95,-237.5,-128.25699999999978,-2.375,-1.2825699999999978
1384,inflator,0.3,8884,25.00000000000001,40.0,False,0.3,95,-237.5,-128.25699999999978,-2.375,-1.2825699999999978
1385,inflator,0.3,8885,25.00000000000001,40.0,False,0.3,95,-237.5,-128.25699999999978,-2.375,-1.2825699999999978
1386,inflator,0.3,8886,25.00000000000001,40.0,False,0.3,95,-237.5,-128.25699999999978,-2.375,-1.2825699999999978
1387,inflator,0.3,8887,25.00000000000001,40.0,False,0.3,95,-237.5,-128.25699999999978,-2.375,-1.2825699999999978
1388,inflator,0.3,8888,25.00000000000001,40.0,False,0.3,95,-237.5,-128.25699999999978,-2.375,-1.2825699999999978
1389,inflator,0.3,8889,25.00000000000001,40.0,False,0.3,95,-237.5,-128.25699999999978,-2.375,-1.2825699999999978
1390,inflator,0.3,8890,25.00000000000001,40.0,False,0.3,95,-237.5,-128.25699999999978,-2.375,-1.2825699999999978
1391,inflator,0.3,8891,25.00000000000001,40.0,False,0.3,95,-237.5,-128.25699999999978,-2.375,-1.2825699999999978
1392,inflator,0.3,8892,25.00000000000001,40.0,False,0.3,95,-237.5,-128.25699999999978,-2.375,-1.2825699999999978
1393,inflator,0.3,8893,25.00000000000001,40.0,False,0.3,95,-237.5,-128.25699999999978,-2.375,-1.2825699999999978
1394,inflator,0.3,8894,25.00000000000001,40.0,False,0.3,95,-237.5,-128.25699999999978,-2.375,-1.2825699999999978
1395,inflator,0.3,8895,25.00000000000001,40.0,False,0.3,95,-237.5,-128.25699999999978,-2.375,-1.2825699999999978
1396,inflator,0.3,8896,25.00000000000001,40.0,False,0.3,95,-237.5,-128.25699999999978,-2.375,-1.2825699999999978
1397,inflator,0.3,8897,25.00000000000001,40.0,False,0.3,95,-237.5,-128.25699999999978,-2.375,-1.2825699999999978
1398,inflator,0.3,8898,25.00000000000001,40.0,False,0.3,95,-237.5,-128.25699999999978,-2.375,-1.2825699999999978
1399,inflator,0.3,8899,25.00000000000001,40.0,False,0.3,95,-237.5,-128.25699999999978,-2.375,-1.2825699999999978
1400,inflator,0.3,8900,25.00000000000001,40.0,False,0.3,95,-237.5,-128.25699999999978,-2.375,-1.2825699999999978
