{
  "scenario": "bottleneck",
  "network": "ideal",
  "agent_type": "greedy",
  "n_runs": 500,
  "hp_mean": 0.8856685022403992,
  "hp_std": 0.0003687380732974383,
  "collision_rate_mean": 0.16,
  "collision_rate_std": 0.0,
  "task_completion_mean": 1.0,
  "task_completion_std": 0.0,
  "deadlock_frequency": 0.0,
  "convergence_ms_mean": 0.02120077408987953,
  "convergence_ms_std": 0.0025790681738305753
}